-- phpMyAdmin SQL Dump
-- version 4.7.9
-- https://www.phpmyadmin.net/
--
-- Host: 127.0.0.1
-- Generation Time: Apr 01, 2019 at 04:28 AM
-- Server version: 10.1.31-MariaDB
-- PHP Version: 7.2.3

SET SQL_MODE = "NO_AUTO_VALUE_ON_ZERO";
SET AUTOCOMMIT = 0;
START TRANSACTION;
SET time_zone = "+00:00";


/*!40101 SET @OLD_CHARACTER_SET_CLIENT=@@CHARACTER_SET_CLIENT */;
/*!40101 SET @OLD_CHARACTER_SET_RESULTS=@@CHARACTER_SET_RESULTS */;
/*!40101 SET @OLD_COLLATION_CONNECTION=@@COLLATION_CONNECTION */;
/*!40101 SET NAMES utf8mb4 */;

--
-- Database: `shopping`
--

-- --------------------------------------------------------

--
-- Table structure for table `brand_detail`
--

CREATE TABLE `brand_detail` (
  `bd_id` int(11) NOT NULL,
  `bd_name` varchar(100) NOT NULL,
  `bd_level` varchar(100) NOT NULL,
  `bd_cat_id` int(11) NOT NULL DEFAULT '0'
) ENGINE=InnoDB DEFAULT CHARSET=latin1;

-- --------------------------------------------------------

--
-- Table structure for table `cart_detail`
--

CREATE TABLE `cart_detail` (
  `cart_id` int(11) NOT NULL,
  `cart_pro_name` varchar(200) NOT NULL,
  `cart_pro_image` varchar(300) NOT NULL,
  `cart_pro_price` varchar(100) NOT NULL,
  `cart_pro_id` int(11) NOT NULL DEFAULT '0',
  `cart_user_id` int(11) NOT NULL DEFAULT '0'
) ENGINE=InnoDB DEFAULT CHARSET=latin1;

-- --------------------------------------------------------

--
-- Table structure for table `cat_detail`
--

CREATE TABLE `cat_detail` (
  `cat_id` int(11) NOT NULL,
  `cat_name` varchar(200) NOT NULL,
  `cat_level` varchar(20) NOT NULL DEFAULT 'cat'
) ENGINE=InnoDB DEFAULT CHARSET=latin1;

-- --------------------------------------------------------

--
-- Table structure for table `city_detail`
--

CREATE TABLE `city_detail` (
  `city_id` int(11) NOT NULL,
  `city_name` varchar(100) NOT NULL,
  `city_zip` int(6) NOT NULL,
  `city_state_id` int(11) NOT NULL
) ENGINE=InnoDB DEFAULT CHARSET=latin1;

--
-- Dumping data for table `city_detail`
--

INSERT INTO `city_detail` (`city_id`, `city_name`, `city_zip`, `city_state_id`) VALUES
(1, 'Alawalpur', 0, 22),
(2, 'Amargarh', 0, 22),
(3, 'Adampur', 0, 22),
(4, 'Abohar', 0, 22),
(5, 'Ahmedgarh', 0, 22),
(6, 'Amloh', 0, 22),
(7, 'Ajnala', 0, 22),
(8, 'Arniwala Sheikh \r\n\r\nSubhan', 0, 22),
(9, 'Amritsar', 0, 22),
(10, 'Balin Wali', 0, 22),
(11, 'Bhai Rupa', 0, 22),
(12, 'Bassi \r\n\r\nPathana', 0, 22),
(13, 'Budhlada', 0, 22),
(14, 'Bhulath', 0, 22),
(15, 'Begowal', 0, 22),
(16, 'Bhikhiwind', 0, 22),
(17, 'Bhikhi', 0, 22),
(18, 'Bareta', 0, 22),
(19, 'Boha', 0, 22),
(20, 'Batala', 0, 22),
(21, 'Bhogpur', 0, 22),
(22, 'Bariwala', 0, 22),
(23, 'Bhagta bhai ka', 0, 22),
(24, 'Bhucho Mandi', 0, 22),
(25, 'Barnala', 0, 22),
(26, 'Batala', 0, 22),
(27, 'Bagha Purana', 0, 22),
(28, 'Bhadaur', 0, 22),
(29, 'Bathinda', 0, 22),
(30, 'Chaoke', 0, 22),
(31, 'Cheema', 0, 22),
(32, 'Dina Nagar', 0, 22),
(33, 'Dasua', 0, 22),
(34, 'Dirba', 0, 22),
(35, 'Doraha', 0, 22),
(36, 'Dhuri', 0, 22),
(37, 'Dhilwan', 0, 22),
(38, 'Dharamkot', 0, 22),
(39, 'Dhariwal', 0, 22),
(40, 'Dhanaula', 0, 22),
(41, 'Dera Baba Nanak', 0, 22),
(42, 'Faridkot', 0, 22),
(43, 'Fatehgarh Churian', 0, 22),
(44, 'Firozpur', 0, 22),
(45, 'Goniana', 0, 22),
(46, 'Gurdaspur', 0, 22),
(47, 'Garhshankar', 0, 22),
(48, 'Gardhiwala', 0, 22),
(49, 'Goraya', 0, 22),
(50, 'Guru \r\n\r\nHar Sahai', 0, 22),
(51, 'Gobindgarh', 0, 22),
(52, 'Hoshiarpur', 0, 22),
(53, 'Handiaya', 0, 22),
(54, 'Hariana', 0, 22),
(55, 'Jandiala', 0, 22),
(56, 'Jalalabad', 0, 22),
(57, 'Jalandhar', 0, 22),
(58, 'Jagraon', 0, 22),
(59, 'Joga', 0, 22),
(60, 'Jaitu', 0, 22),
(61, 'Qadian', 0, 22),
(62, 'Kot Kapura', 0, 22),
(63, 'Khamanon', 0, 22),
(64, 'Kapurthala', 0, 22),
(65, 'Kartarpur', 0, 22),
(66, 'Khanna', 0, 22),
(67, 'Khem \r\n\r\nKaran', 0, 22),
(68, 'Kotha Guru', 0, 22),
(69, 'Kot Shamir', 0, 22),
(70, 'Kot Fatta', 0, 22),
(71, 'Ludhiana', 0, 22),
(72, 'Lohian Khass', 0, 22),
(73, 'Lalru', 0, 22),
(74, 'Lehra Mohabbat', 0, 22),
(75, 'Moga', 0, 22),
(76, 'Maur', 0, 22),
(77, 'Sri Muktsar Sahib', 0, 22),
(78, 'Malout', 0, 22),
(79, 'Mehraj', 0, 22),
(80, 'Mehatpur', 0, 22),
(81, 'Mahilpur', 0, 22),
(82, 'Mukerian', 0, 22),
(83, 'Maluka', 0, 22),
(84, 'Mandi Kalan', 0, 22),
(85, 'Majitha', 0, 22),
(86, 'Mallanwala', 0, 22),
(87, 'Makhu', 0, 22),
(88, 'Mudki', 0, 22),
(89, 'Mallanpur Dakha', 0, 22),
(90, 'Malerkotla', 0, 22),
(91, 'Machhiwara', 0, 22),
(92, 'Malaud', 0, 22),
(93, 'Mansa', 0, 22),
(94, 'Nakodar', 0, 22),
(95, 'Nurmahal', 0, 22),
(96, 'Nadala', 0, 22),
(97, 'Nurpur Bedi', 0, 22),
(98, 'Nabha', 0, 22),
(99, 'Nangal', 0, 22),
(100, 'Nathana', 0, 22),
(101, 'Patiala', 0, 22),
(102, 'Patran', 0, 22),
(103, 'Pathankot', 0, 22),
(104, 'Payal', 0, 22),
(105, 'Phagwara', 0, 22),
(106, 'Phillaur', 0, 22),
(107, 'Patti', 0, 22),
(108, 'Rampura', 0, 22),
(109, 'Raman', 0, 22),
(110, 'Rajpura', 0, 22),
(111, 'Raikot', 0, 22),
(112, 'Rampura Phul', 0, 22),
(113, 'Rayya', 0, 22),
(114, 'Rupnagar', 0, 22),
(115, 'Raja \r\n\r\nSansi', 0, 22),
(116, 'Ramdas', 0, 22),
(117, 'S.A.S Nagar', 0, 22),
(118, 'Sangat', 0, 22),
(119, 'Sujanpur', 0, 22),
(120, 'Sangrur', 0, 22),
(121, 'Sahnewal', 0, 22),
(122, 'Samarala', 0, 22),
(123, 'Sham \r\n\r\nChaurasi', 0, 22),
(124, 'Sri Hargobindpur', 0, 22),
(125, 'Sirhind Fathegarh Sahib', 0, 22),
(126, 'Shahkot', 0, 22),
(127, 'Sanaur', 0, 22),
(128, 'Sardulgarh', 0, 22),
(129, 'Sultanpur', 0, 22),
(130, 'Tapa', 0, 22),
(131, 'Tarn Taran', 0, 22),
(132, 'Talwandi Bahi', 0, 22),
(133, 'Talwandi Sabo', 0, 22),
(134, 'Talwara', 0, 22),
(135, 'Urmar Tanda', 0, 22),
(136, 'Zira', 0, 22),
(137, 'Zirakpur', 0, 22),
(138, 'Faridabad', 0, 9),
(139, 'Gurugram', 0, 9),
(140, 'Panipat', 0, 9),
(141, 'Ambala', 0, 9),
(142, 'Yamunanagar', 0, 9),
(143, 'Rohtak', 0, 9),
(144, 'Hisar', 0, 9),
(146, 'Sonipat', 0, 9),
(147, 'Panchkula', 0, 9),
(148, 'Bhiwani', 0, 9),
(149, 'Sirsa', 0, 9),
(150, 'Bahadurgarh', 0, 9),
(151, 'Jind', 0, 9),
(152, 'Thanesar', 0, 9),
(153, 'Kaithal', 0, 9),
(154, 'Rewari', 0, 9),
(155, 'Palwal', 0, 9),
(165, 'Jaipur', 0, 23),
(166, 'Jodhpur', 0, 23),
(167, 'Bikaner', 0, 23),
(168, 'Ajmer', 0, 23),
(169, 'Udaipur', 0, 23),
(170, 'Bhilwara', 0, 23),
(171, 'Alwar', 0, 23),
(172, 'Bharatpur', 0, 23),
(173, 'Kota', 0, 23),
(174, 'Sikar', 0, 23),
(175, 'Sri Ganganager', 0, 23),
(176, 'Pali , Rajasthan', 0, 23),
(177, 'Chittorgarh', 0, 23),
(178, 'Tonk', 0, 23),
(179, 'Kishangarh', 0, 23),
(180, 'Beawar', 0, 23),
(181, 'Hanumangarh', 0, 23),
(182, 'Dholpur', 0, 23),
(183, 'Gangapur City', 0, 23),
(184, 'Sawai \r\n\r\nMadhopur', 0, 23),
(185, 'Churu', 0, 23),
(186, 'Jhunjhunu', 0, 23),
(188, 'Noida', 0, 28),
(189, 'Chandigarh', 0, 31),
(190, 'Mani Majra', 0, 31),
(191, 'Central Delhi', 0, 30),
(192, 'East \r\n\r\nDelhi', 0, 30),
(193, 'New Delhi', 0, 30),
(194, 'North Delhi', 0, 30),
(196, 'North West Delhi', 0, 30),
(197, 'South Delhi', 0, 30),
(198, 'South West Delhi', 0, 30),
(199, 'West Delhi', 0, 30),
(200, 'Ahmedabad', 0, 8),
(202, 'Amod', 0, 8),
(203, 'Amreli', 0, 8),
(204, 'Anand', 0, 8),
(205, 'Anjar', 0, 8),
(206, 'Ankaleshwar', 0, 8),
(207, 'Babra', 0, 8),
(208, 'Balasinor', 0, 8),
(209, 'Banaskantha', 0, 8),
(210, 'Bansada', 0, 8),
(211, 'Bardoli', 0, 8),
(212, 'Bareja', 0, 8),
(213, 'Baroda', 0, 8),
(214, 'Barwala', 0, 8),
(215, 'Bayad', 0, 8),
(216, 'Bhachav', 0, 8),
(217, 'Bhanvad', 0, 8),
(218, 'Bharuch', 0, 8),
(219, 'Bhavnagar', 0, 8),
(220, 'Bhiloda', 0, 8),
(221, 'Bhuj', 0, 8),
(222, 'Billimora', 0, 8),
(223, 'Borsad', 0, 8),
(224, 'Botad', 0, 8),
(225, 'Chanasma', 0, 8),
(226, 'Chhota Udaipur', 0, 8),
(227, 'Chotila', 0, 8),
(228, 'Dabhoi', 0, 8),
(229, 'Dahod', 0, 8),
(230, 'Damnagar', 0, 8),
(231, 'Dang', 0, 8),
(232, 'Danta', 0, 8),
(233, 'Dasada', 0, 8),
(234, 'Dediapada', 0, 8),
(235, 'Deesa', 0, 8),
(236, 'Dehgam', 0, 8),
(237, 'Deodar', 0, 8),
(238, 'Devgadhbaria', 0, 8),
(239, 'Dhandhuka', 0, 8),
(240, 'Dhanera', 0, 8),
(241, 'Dharampur', 0, 8),
(242, 'Dhari', 0, 8),
(243, 'Dholka', 0, 8),
(244, 'Dhoraji', 0, 8),
(245, 'Dhrangadhra', 0, 8),
(246, 'Dhrol', 0, 8),
(247, 'Dwarka', 0, 8),
(248, 'Fortsongadh', 0, 8),
(249, 'Gadhada', 0, 8),
(250, 'Gandhi Nagar', 0, 8),
(251, 'Afzalpur', 0, 13),
(252, 'Ainapur', 0, 13),
(253, 'Aland', 0, 13),
(254, 'Alur', 0, 13),
(255, 'Anekal', 0, 13),
(256, 'Ankola', 0, 13),
(257, 'Arsikere', 0, 13),
(258, 'Athani', 0, 13),
(259, 'Aurad', 0, 13),
(260, 'Bableshwar', 0, 13),
(261, 'Badami', 0, 13),
(262, 'Bagalkot', 0, 13),
(263, 'Bagepalli', 0, 13),
(264, 'Bailhongal', 0, 13),
(265, 'Bangalore', 0, 13),
(267, 'Bangarpet', 0, 13),
(268, 'Bantwal', 0, 13),
(269, 'Basavakalyan', 0, 13),
(270, 'Basavanabagewadi', 0, 13),
(271, 'Basavapatna', 0, 13),
(272, 'Belgaum', 0, 13),
(281, 'Achhnera', 0, 28),
(282, 'Agra', 0, 28),
(283, 'Akbarpur', 0, 28),
(284, 'Aliganj', 0, 28),
(285, 'Aligarh', 0, 28),
(286, 'Allahabad', 0, 28),
(287, 'Ambedkar Nagar', 0, 28),
(288, 'Amethi', 0, 28),
(289, 'Amiliya', 0, 28),
(290, 'Amroha', 0, 28),
(291, 'Anola', 0, 28),
(292, 'Atrauli', 0, 28),
(293, 'Auraiya', 0, 28),
(294, 'Azamgarh', 0, 28),
(295, 'Baberu', 0, 28),
(296, 'Badaun', 0, 28),
(297, 'Baghpat', 0, 28),
(298, 'Bagpat', 0, 28),
(299, 'Baheri', 0, 28),
(300, 'Bahraich', 0, 28),
(301, 'Almora', 0, 27),
(302, 'Bageshwar', 0, 27),
(303, 'Bhatwari', 0, 27),
(304, 'Chakrata', 0, 27),
(305, 'Chamoli', 0, 27),
(306, 'Champawat', 0, 27),
(307, 'Dehradun', 0, 27),
(308, 'Deoprayag', 0, 27),
(309, 'Dharchula', 0, 27),
(310, 'Dunda', 0, 27),
(311, 'Haldwani', 0, 27),
(312, 'Haridwar', 0, 27),
(313, 'Joshimath', 0, 27),
(314, 'Karan \r\n\r\nPrayag', 0, 27),
(315, 'Kashipur', 0, 27),
(316, 'Khatima', 0, 27),
(317, 'Kichha', 0, 27),
(318, 'Lansdown', 0, 27),
(319, 'Munsiari', 0, 27),
(320, 'Mussoorie', 0, 27),
(321, 'Pune', 0, 16),
(322, 'Mumbai', 0, 16),
(323, 'Achampet', 0, 1),
(324, 'Adilabad', 0, 1),
(325, 'Adoni', 0, 1),
(326, 'Alampur', 0, 1),
(327, 'Allagadda', 0, 1),
(328, 'Alur', 0, 1),
(329, 'Amalapuram', 0, 1),
(330, 'Amangallu', 0, 1),
(331, 'Anakapalle', 0, 1),
(332, 'Anantapur', 0, 1),
(333, 'Andole', 0, 1),
(334, 'Araku', 0, 1),
(335, 'Armoor', 0, 1),
(336, 'Asifabad', 0, 1),
(337, 'Aswaraopet', 0, 1),
(338, 'Atmakur', 0, 1),
(339, 'BKothakota', 0, 1),
(340, 'Badvel', 0, 1),
(341, 'Banaganapalle', 0, 1),
(342, 'Bandar', 0, 1),
(343, 'Bangarupalem', 0, 1),
(344, 'Banswada', 0, 1),
(345, 'Bapatla', 0, 1),
(346, 'Bellampalli', 0, 1),
(347, 'Bhadrachalam', 0, 1),
(348, 'Bhainsa', 0, 1),
(349, 'Bheemunipatnam', 0, 1),
(350, 'Bhimadole', 0, 1),
(351, 'Bhimavaram', 0, 1),
(352, 'Bhongir', 0, 1),
(353, 'Bhooragamphad', 0, 1),
(354, 'Boath', 0, 1),
(355, 'Bobbili', 0, 1),
(356, 'Bodhan', 0, 1),
(357, 'Chandoor', 0, 1),
(358, 'Chavitidibbalu', 0, 1),
(359, 'Chejerla', 0, 1),
(360, 'Chepurupalli', 0, 1),
(361, 'Cherial', 0, 1),
(362, 'Chevella', 0, 1),
(363, 'Chinnor', 0, 1),
(364, 'Chintalapudi', 0, 1),
(365, 'Chintapalle', 0, 1),
(366, 'Chirala', 0, 1),
(367, 'Chittoor', 0, 1),
(368, 'Chodavaram', 0, 1),
(369, 'Cuddapah', 0, 1),
(370, 'Cumbum', 0, 1),
(371, 'Darsi', 0, 1),
(372, 'Devarakonda', 0, 1),
(373, 'Dharmavaram', 0, 1),
(374, 'Dichpalli', 0, 1),
(375, 'Divi', 0, 1),
(376, 'Donakonda', 0, 1),
(377, 'Dronachalam', 0, 1),
(378, 'EastGodavari', 0, 1),
(379, 'Eluru', 0, 1),
(380, 'Eturnagaram', 0, 1),
(381, 'Gadwal', 0, 1),
(382, 'Gajapathinagaram', 0, 1),
(383, 'Gajwel', 0, 1),
(384, 'Garladinne', 0, 1),
(385, 'Giddalur', 0, 1),
(386, 'Godavari', 0, 1),
(387, 'Gooty', 0, 1),
(388, 'Gudivada', 0, 1),
(389, 'Gudur', 0, 1),
(390, 'Guntur', 0, 1),
(391, 'Hindupur', 0, 1),
(392, 'Hunsabad', 0, 1),
(393, 'Huzurabad', 0, 1),
(394, 'Huzurnagar', 0, 1),
(395, 'Hyderabad', 0, 1),
(396, 'Ibrahimpatnam', 0, 1),
(397, 'Jaggayyapet', 0, 1),
(398, 'Jagtial', 0, 1),
(399, 'Jammalamadugu', 0, 1),
(400, 'Jangaon', 0, 1),
(401, 'Jangareddygudem', 0, 1),
(402, 'Jannaram', 0, 1),
(403, 'Kadiri', 0, 1),
(404, 'Kaikaluru', 0, 1),
(405, 'Kakinada', 0, 1),
(406, 'Kalwakurthy', 0, 1),
(407, 'Kalyandurg', 0, 1),
(408, 'Kamalapuram', 0, 1),
(409, 'Kamareddy', 0, 1),
(410, 'Kambadur', 0, 1),
(411, 'Kanaganapalle', 0, 1),
(412, 'Kandukuru', 0, 1),
(413, 'Kanigiri', 0, 1),
(414, 'Karimnagar', 0, 1),
(415, 'Kavali', 0, 1),
(416, 'Khammam', 0, 1),
(417, 'Khanapur(AP)', 0, 1),
(418, 'Kodangal', 0, 1),
(419, 'Koduru', 0, 1),
(420, 'Koilkuntla', 0, 1),
(421, 'Kollapur', 0, 1),
(422, 'Kothagudem', 0, 1),
(423, 'Kovvur', 0, 1),
(424, 'Krishna', 0, 1),
(425, 'Krosuru', 0, 1),
(426, 'Kuppam', 0, 1),
(427, 'Kurnool', 0, 1),
(428, 'Lakkireddipalli', 0, 1),
(429, 'Madakasira', 0, 1),
(430, 'Madanapalli', 0, 1),
(431, 'Madhira', 0, 1),
(432, 'Madnur', 0, 1),
(433, 'Mahabubabad', 0, 1),
(434, 'Mahabubnagar', 0, 1),
(435, 'Mahadevapur', 0, 1),
(436, 'Makthal', 0, 1),
(437, 'Mancherial', 0, 1),
(438, 'Mandapeta', 0, 1),
(439, 'Mangalagiri', 0, 1),
(440, 'Manthani', 0, 1),
(441, 'Markapur', 0, 1),
(442, 'Marturu', 0, 1),
(443, 'Medachal', 0, 1),
(444, 'Medak', 0, 1),
(445, 'Medarmetla', 0, 1),
(446, 'Metpalli', 0, 1),
(447, 'Mriyalguda', 0, 1),
(448, 'Mulug', 0, 1),
(449, 'Mylavaram', 0, 1),
(450, 'Nagarkurnool', 0, 1),
(451, 'Nalgonda', 0, 1),
(452, 'Nallacheruvu', 0, 1),
(453, 'Nampalle', 0, 1),
(454, 'Nandigama', 0, 1),
(455, 'Nandikotkur', 0, 1),
(456, 'Nandyal', 0, 1),
(457, 'Narasampet', 0, 1),
(458, 'Narasaraopet', 0, 1),
(459, 'Narayanakhed', 0, 1),
(460, 'Narayanpet', 0, 1),
(461, 'Narsapur', 0, 1),
(462, 'Narsipatnam', 0, 1),
(463, 'Nazvidu', 0, 1),
(464, 'Nelloe', 0, 1),
(465, 'Nellore', 0, 1),
(466, 'Nidamanur', 0, 1),
(467, 'Nirmal', 0, 1),
(468, 'Nizamabad', 0, 1),
(469, 'Nuguru', 0, 1),
(470, 'Ongole', 0, 1),
(471, 'Outsarangapalle', 0, 1),
(472, 'Paderu', 0, 1),
(473, 'Pakala', 0, 1),
(474, 'Palakonda', 0, 1),
(475, 'Paland', 0, 1),
(476, 'Palmaneru', 0, 1),
(477, 'Pamuru', 0, 1),
(478, 'Pargi', 0, 1),
(479, 'Parkal', 0, 1),
(480, 'Parvathipuram', 0, 1),
(481, 'Pathapatnam', 0, 1),
(482, 'Pattikonda', 0, 1),
(483, 'Peapalle', 0, 1),
(484, 'Peddapalli', 0, 1),
(485, 'Peddapuram', 0, 1),
(486, 'Penukonda', 0, 1),
(487, 'Piduguralla', 0, 1),
(488, 'Piler', 0, 1),
(489, 'Pithapuram', 0, 1),
(490, 'Podili', 0, 1),
(491, 'Polavaram', 0, 1),
(492, 'Prakasam', 0, 1),
(493, 'Proddatur', 0, 1),
(494, 'Pulivendla', 0, 1),
(495, 'Punganur', 0, 1),
(496, 'Putturu', 0, 1),
(497, 'Rajahmundri', 0, 1),
(498, 'Rajampeta', 0, 1),
(499, 'Ramachandrapuram', 0, 1),
(500, 'Ramannapet', 0, 1),
(501, 'Rampachodavaram', 0, 1),
(502, 'Rangareddy', 0, 1),
(503, 'Rapur', 0, 1),
(504, 'Rayachoti', 0, 1),
(505, 'Rayadurg', 0, 1),
(506, 'Razole', 0, 1),
(507, 'Repalle', 0, 1),
(508, 'Saluru', 0, 1),
(509, 'Sangareddy', 0, 1),
(510, 'Sathupalli', 0, 1),
(511, 'Sattenapalle', 0, 1),
(512, 'Satyavedu', 0, 1),
(513, 'Shadnagar', 0, 1),
(514, 'Siddavattam', 0, 1),
(515, 'Siddipet', 0, 1),
(516, 'Sileru', 0, 1),
(517, 'Sircilla', 0, 1),
(518, 'SirpurKagaznagar', 0, 1),
(519, 'Sodam', 0, 1),
(520, 'Sompeta', 0, 1),
(521, 'Srikakulam', 0, 1),
(522, 'Srikalahasthi', 0, 1),
(523, 'Srisailam', 0, 1),
(524, 'Srungavarapukota', 0, 1),
(525, 'Sudhimalla', 0, 1),
(526, 'Sullarpet', 0, 1),
(527, 'Tadepalligudem', 0, 1),
(528, 'Tadipatri', 0, 1),
(529, 'Tanduru', 0, 1),
(530, 'Tanuku', 0, 1),
(531, 'Tekkali', 0, 1),
(532, 'Tenali', 0, 1),
(533, 'Thungaturthy', 0, 1),
(534, 'Tirivuru', 0, 1),
(535, 'Tirupathi', 0, 1),
(536, 'Tuni', 0, 1),
(537, 'Udaygiri', 0, 1),
(538, 'Ulvapadu', 0, 1),
(539, 'Uravakonda', 0, 1),
(540, 'Utnor', 0, 1),
(541, 'V.RPuram', 0, 1),
(542, 'Vaimpalli', 0, 1),
(543, 'Vayalpad', 0, 1),
(544, 'Venkatgiri', 0, 1),
(545, 'Venkatgirikota', 0, 1),
(546, 'Vijayawada', 0, 1),
(547, 'Vikrabad', 0, 1),
(548, 'Vinjamuru', 0, 1),
(549, 'Vinukonda', 0, 1),
(550, 'Visakhapatnam', 0, 1),
(551, 'Vizayanagaram', 0, 1),
(552, 'Vizianagaram', 0, 1),
(553, 'Vuyyuru', 0, 1),
(554, 'Wanaparthy', 0, 1),
(555, 'Warangal', 0, 1),
(556, 'Wardhannapet', 0, 1),
(557, 'Yelamanchili', 0, 1),
(558, 'Yelavaram', 0, 1),
(559, 'Yeleswaram', 0, 1),
(560, 'Yellandu', 0, 1),
(561, 'Yellanuru', 0, 1),
(562, 'Yellareddy', 0, 1),
(563, 'Yerragondapalem', 0, 1),
(564, 'Zahirabad', 0, 1),
(565, 'Along', 0, 2),
(566, 'Anini', 0, 2),
(567, 'Anjaw', 0, 2),
(568, 'Bameng', 0, 2),
(569, 'Basar', 0, 2),
(570, 'Changlang', 0, 2),
(571, 'Chowkhem', 0, 2),
(572, 'Daporizo', 0, 2),
(573, 'DibangValley', 0, 2),
(574, 'Dirang', 0, 2),
(575, 'Hayuliang', 0, 2),
(576, 'Huri', 0, 2),
(577, 'Itanagar', 0, 2),
(578, 'Jairampur', 0, 2),
(579, 'Kalaktung', 0, 2),
(580, 'Kameng', 0, 2),
(581, 'Khonsa', 0, 2),
(582, 'Kolaring', 0, 2),
(583, 'KurungKumey', 0, 2),
(584, 'Lohit', 0, 2),
(585, 'LowerDibangValley', 0, 2),
(586, 'LowerSubansiri', 0, 2),
(587, 'Mariyang', 0, 2),
(588, 'Mechuka', 0, 2),
(589, 'Miao', 0, 2),
(590, 'Nefra', 0, 2),
(591, 'Pakkekesang', 0, 2),
(592, 'Pangin', 0, 2),
(593, 'PapumPare', 0, 2),
(594, 'Passighat', 0, 2),
(595, 'Roing', 0, 2),
(596, 'Sagalee', 0, 2),
(597, 'Seppa', 0, 2),
(598, 'Siang', 0, 2),
(599, 'Tali', 0, 2),
(600, 'Taliha', 0, 2),
(601, 'Tawang', 0, 2),
(602, 'Tezu', 0, 2),
(603, 'Tirap', 0, 2),
(604, 'Tuting', 0, 2),
(605, 'UpperSiang', 0, 2),
(606, 'UpperSubansiri', 0, 2),
(607, 'YiangKiag', 0, 2),
(608, 'Abhayapuri', 0, 3),
(609, 'Baithalangshu', 0, 3),
(610, 'Barama', 0, 3),
(611, 'Barpeta Road', 0, 3),
(612, 'Bihupuria', 0, 3),
(613, 'Bijni', 0, 3),
(614, 'Bilasipara', 0, 3),
(615, 'Bokajan', 0, 3),
(616, 'Bokakhat', 0, 3),
(617, 'Boko', 0, 3),
(618, 'Bongaigaon', 0, 3),
(619, 'Cachar', 0, 3),
(620, 'Cachar Hills', 0, 3),
(621, 'Darrang', 0, 3),
(622, 'Dhakuakhana', 0, 3),
(623, 'Dhemaji', 0, 3),
(624, 'Dhubri', 0, 3),
(625, 'Dibrugarh', 0, 3),
(626, 'Digboi', 0, 3),
(627, 'Diphu', 0, 3),
(628, 'Goalpara', 0, 3),
(629, 'Gohpur', 0, 3),
(630, 'Golaghat', 0, 3),
(631, 'Guwahati', 0, 3),
(632, 'Hailakandi', 0, 3),
(633, 'Hajo', 0, 3),
(634, 'Halflong', 0, 3),
(635, 'Hojai', 0, 3),
(636, 'Howraghat', 0, 3),
(637, 'Jorhat', 0, 3),
(638, 'Kamrup', 0, 3),
(639, 'Karbi \r\n\r\nAnglong', 0, 3),
(640, 'Karimganj', 0, 3),
(641, 'Kokarajhar', 0, 3),
(642, 'Kokrajhar', 0, 3),
(643, 'Lakhimpur', 0, 3),
(644, 'Maibong', 0, 3),
(645, 'Majuli', 0, 3),
(646, 'Mangaldoi', 0, 3),
(647, 'Mariani', 0, 3),
(648, 'Marigaon', 0, 3),
(649, 'Moranhat', 0, 3),
(650, 'Morigaon', 0, 3),
(651, 'Nagaon', 0, 3),
(652, 'Nalbari', 0, 3),
(653, 'Rangapara', 0, 3),
(654, 'Sadiya', 0, 3),
(655, 'Sibsagar', 0, 3),
(656, 'Silchar', 0, 3),
(657, 'Sivasagar', 0, 3),
(658, 'Sonitpur', 0, 3),
(659, 'Tarabarihat', 0, 3),
(660, 'Tezpur', 0, 3),
(661, 'Tinsukia', 0, 3),
(662, 'Udalgiri', 0, 3),
(663, 'Udalguri', 0, 3),
(664, 'UdarbondhBarpeta', 0, 3),
(665, 'Adhaura', 0, 4),
(666, 'Amarpur', 0, 4),
(667, 'Araria', 0, 4),
(668, 'Areraj', 0, 4),
(669, 'Arrah', 0, 4),
(670, 'Arwal', 0, 4),
(671, 'Aurangabad', 0, 4),
(672, 'Bagaha', 0, 4),
(673, 'Banka', 0, 4),
(674, 'Banmankhi', 0, 4),
(675, 'Barachakia', 0, 4),
(676, 'Barauni', 0, 4),
(677, 'Barh', 0, 4),
(678, 'Barosi', 0, 4),
(679, 'Begusarai', 0, 4),
(680, 'Benipatti', 0, 4),
(681, 'Benipur', 0, 4),
(682, 'Bettiah', 0, 4),
(683, 'Bhabhua', 0, 4),
(684, 'Bhagalpur', 0, 4),
(685, 'Bhojpur', 0, 4),
(686, 'Bidupur', 0, 4),
(687, 'Biharsharif', 0, 4),
(688, 'Bikram', 0, 4),
(689, 'Bikramganj', 0, 4),
(690, 'Birpur', 0, 4),
(691, 'Buxar', 0, 4),
(692, 'Chakai', 0, 4),
(693, 'Champaran', 0, 4),
(694, 'Chapara', 0, 4),
(695, 'Dalsinghsarai', 0, 4),
(696, 'Danapur', 0, 4),
(697, 'Darbhanga', 0, 4),
(698, 'Daudnagar', 0, 4),
(699, 'Dhaka', 0, 4),
(700, 'Dhamdaha', 0, 4),
(701, 'Dumraon', 0, 4),
(702, 'Ekma', 0, 4),
(703, 'Forbesganj', 0, 4),
(704, 'Gaya', 0, 4),
(705, 'Gogri', 0, 4),
(706, 'Gopalganj', 0, 4),
(707, 'H.Kharagpur', 0, 4),
(708, 'Hajipur', 0, 4),
(709, 'Hathua', 0, 4),
(710, 'Hilsa', 0, 4),
(711, 'Imamganj', 0, 4),
(712, 'Jahanabad', 0, 4),
(713, 'Jainagar', 0, 4),
(714, 'Jamshedpur', 0, 4),
(715, 'Jamui', 0, 4),
(716, 'Jehanabad', 0, 4),
(717, 'Jhajha', 0, 4),
(718, 'Jhanjharpur', 0, 4),
(719, 'Kahalgaon', 0, 4),
(720, 'Kaimur(Bhabua)', 0, 4),
(721, 'Katihar', 0, 4),
(722, 'Katoria', 0, 4),
(723, 'Khagaria', 0, 4),
(724, 'Kishanganj', 0, 4),
(725, 'Korha', 0, 4),
(726, 'Lakhisarai', 0, 4),
(727, 'Madhepura', 0, 4),
(728, 'Madhubani', 0, 4),
(729, 'Maharajganj', 0, 4),
(730, 'Mahua', 0, 4),
(731, 'Mairwa', 0, 4),
(732, 'Mallehpur', 0, 4),
(733, 'Masrakh', 0, 4),
(734, 'Mohania', 0, 4),
(735, 'Monghyr', 0, 4),
(736, 'Motihari', 0, 4),
(737, 'Motipur', 0, 4),
(738, 'Munger', 0, 4),
(739, 'Muzaffarpur', 0, 4),
(740, 'Nabinagar', 0, 4),
(741, 'Nalanda', 0, 4),
(742, 'Narkatiaganj', 0, 4),
(743, 'Naugachia', 0, 4),
(744, 'Nawada', 0, 4),
(745, 'Pakribarwan', 0, 4),
(746, 'Pakridayal', 0, 4),
(747, 'Patna', 0, 4),
(748, 'Phulparas', 0, 4),
(749, 'Piro', 0, 4),
(750, 'Pupri', 0, 4),
(751, 'Purena', 0, 4),
(752, 'Purnia', 0, 4),
(753, 'Rafiganj', 0, 4),
(754, 'Rajauli', 0, 4),
(755, 'Ramnagar', 0, 4),
(756, 'Raniganj', 0, 4),
(757, 'Raxaul', 0, 4),
(758, 'Rohtas', 0, 4),
(759, 'Rosera', 0, 4),
(760, 'S.Bakhtiarpur', 0, 4),
(761, 'Saharsa', 0, 4),
(762, 'Samastipur', 0, 4),
(763, 'Saran', 0, 4),
(764, 'Sasaram', 0, 4),
(765, 'Seikhpura', 0, 4),
(766, 'Sheikhpura', 0, 4),
(767, 'Sheohar', 0, 4),
(768, 'Sherghati', 0, 4),
(769, 'Sidhawalia', 0, 4),
(770, 'Singhwara', 0, 4),
(771, 'Sitamarhi', 0, 4),
(772, 'Siwan', 0, 4),
(773, 'Sonepur', 0, 4),
(774, 'Supaul', 0, 4),
(775, 'Thakurganj', 0, 4),
(776, 'Triveniganj', 0, 4),
(777, 'Udakishanganj', 0, 4),
(778, 'Vaishali', 0, 4),
(779, 'Wazirganj', 0, 4),
(780, 'Ambikapur', 0, 5),
(781, 'Antagarh', 0, 5),
(782, 'Arang', 0, 5),
(783, 'Bacheli', 0, 5),
(784, 'Bagbahera', 0, 5),
(785, 'Bagicha', 0, 5),
(786, 'Baikunthpur', 0, 5),
(787, 'Balod', 0, 5),
(788, 'Balodabazar', 0, 5),
(789, 'Balrampur', 0, 5),
(790, 'Barpalli', 0, 5),
(791, 'Basana', 0, 5),
(792, 'Bastanar', 0, 5),
(793, 'Bastar', 0, 5),
(794, 'Bderajpur', 0, 5),
(795, 'Bemetara', 0, 5),
(796, 'Berla', 0, 5),
(797, 'Bhairongarh', 0, 5),
(798, 'Bhanupratappur', 0, 5),
(799, 'Bharathpur', 0, 5),
(800, 'Bhatapara', 0, 5),
(801, 'Bhilai', 0, 5),
(802, 'Bhilaigarh', 0, 5),
(803, 'Bhopalpatnam', 0, 5),
(804, 'Bijapur', 0, 5),
(805, 'Bilaspur', 0, 5),
(806, 'Bodla', 0, 5),
(807, 'Bokaband', 0, 5),
(808, 'Chandipara', 0, 5),
(809, 'Chhinagarh', 0, 5),
(810, 'Chhuriakala', 0, 5),
(811, 'Chingmut', 0, 5),
(812, 'Chuikhadan', 0, 5),
(813, 'Dabhara', 0, 5),
(814, 'Dallirajhara', 0, 5),
(815, 'Dantewada', 0, 5),
(816, 'Deobhog', 0, 5),
(817, 'Dhamda', 0, 5),
(818, 'Dhamtari', 0, 5),
(819, 'Dharamjaigarh', 0, 5),
(820, 'Dongargarh', 0, 5),
(821, 'Durg', 0, 5),
(822, 'Durgakondal', 0, 5),
(823, 'Fingeshwar', 0, 5),
(824, 'Gariaband', 0, 5),
(825, 'Garpa', 0, 5),
(826, 'Gharghoda', 0, 5),
(827, 'Gogunda', 0, 5),
(828, 'Ilamidi', 0, 5),
(829, 'Jagdalpur', 0, 5),
(830, 'Janjgir', 0, 5),
(831, 'Janjgir-\r\n\r\nChampa', 0, 5),
(832, 'Jarwa', 0, 5),
(833, 'Jashpur', 0, 5),
(834, 'Jashpurnagar', 0, 5),
(835, 'Kabirdham-\r\n\r\nKawardha', 0, 5),
(836, 'Kanker', 0, 5),
(837, 'Kasdol', 0, 5),
(838, 'Kathdol', 0, 5),
(839, 'Kathghora', 0, 5),
(840, 'Kawardha', 0, 5),
(841, 'Keskal', 0, 5),
(842, 'Khairgarh', 0, 5),
(843, 'Kondagaon', 0, 5),
(844, 'Konta', 0, 5),
(845, 'Korba', 0, 5),
(846, 'Korea', 0, 5),
(847, 'Kota', 0, 5),
(848, 'Koyelibeda', 0, 5),
(849, 'Kuakunda', 0, 5),
(850, 'Kunkuri', 0, 5),
(851, 'Kurud', 0, 5),
(852, 'Lohadigundah', 0, 5),
(853, 'Lormi', 0, 5),
(854, 'Luckwada', 0, 5),
(855, 'Mahasamund', 0, 5),
(856, 'Makodi', 0, 5),
(857, 'Manendragarh', 0, 5),
(858, 'Manpur', 0, 5),
(859, 'Marwahi', 0, 5),
(860, 'Mohla', 0, 5),
(861, 'Mungeli', 0, 5),
(862, 'Nagri', 0, 5),
(863, 'Narainpur', 0, 5),
(864, 'Narayanpur', 0, 5),
(865, 'Neora', 0, 5),
(866, 'Netanar', 0, 5),
(867, 'Odgi', 0, 5),
(868, 'Padamkot', 0, 5),
(869, 'Pakhanjur', 0, 5),
(870, 'Pali', 0, 5),
(871, 'Pandaria', 0, 5),
(872, 'Pandishankar', 0, 5),
(873, 'Parasgaon', 0, 5),
(874, 'Pasan', 0, 5),
(875, 'Patan', 0, 5),
(876, 'Pathalgaon', 0, 5),
(877, 'Pendra', 0, 5),
(878, 'Pratappur', 0, 5),
(879, 'Premnagar', 0, 5),
(880, 'Raigarh', 0, 5),
(881, 'Raipur', 0, 5),
(882, 'Rajnandgaon', 0, 5),
(883, 'Rajpur', 0, 5),
(884, 'Ramchandrapur', 0, 5),
(885, 'Saraipali', 0, 5),
(886, 'Saranggarh', 0, 5),
(887, 'Sarona', 0, 5),
(888, 'Semaria', 0, 5),
(889, 'Shakti', 0, 5),
(890, 'Sitapur', 0, 5),
(891, 'Sukma', 0, 5),
(892, 'Surajpur', 0, 5),
(893, 'Surguja', 0, 5),
(894, 'Tapkara', 0, 5),
(895, 'Toynar', 0, 5),
(896, 'Udaipur', 0, 5),
(897, 'Uproda', 0, 5),
(898, 'Wadrainagar', 0, 5),
(899, 'Brancavare', 0, 6),
(900, 'Dagasi', 0, 6),
(901, 'Daman', 0, 6),
(902, 'Diu', 0, 6),
(903, 'Magarvara', 0, 6),
(904, 'Nagwa', 0, 6),
(905, 'Pariali', 0, 6),
(906, 'Passo \r\n\r\nCovo', 0, 6),
(907, 'Canacona', 0, 7),
(908, 'Candolim', 0, 7),
(909, 'Chinchinim', 0, 7),
(910, 'Cortalim', 0, 7),
(911, 'Goa', 0, 7),
(912, 'Jua', 0, 7),
(913, 'Madgaon', 0, 7),
(914, 'Mahem', 0, 7),
(915, 'Mapuca', 0, 7),
(916, 'Marmagao', 0, 7),
(917, 'Panji', 0, 7),
(918, 'Ponda', 0, 7),
(919, 'Sanvordem', 0, 7),
(920, 'Terekhol', 0, 7),
(922, 'Ahwa', 0, 8),
(972, 'Gariadhar', 0, 8),
(973, 'Godhra', 0, 8),
(974, 'Gogodar', 0, 8),
(975, 'Gondal', 0, 8),
(976, 'Halol', 0, 8),
(977, 'Halvad', 0, 8),
(978, 'Harij', 0, 8),
(979, 'Himatnagar', 0, 8),
(980, 'Idar', 0, 8),
(981, 'Jambusar', 0, 8),
(982, 'Jamjodhpur', 0, 8),
(983, 'Jamkalyanpur', 0, 8),
(984, 'Jamnagar', 0, 8),
(985, 'Jasdan', 0, 8),
(986, 'Jetpur', 0, 8),
(987, 'Jhagadia', 0, 8),
(988, 'Jhalod', 0, 8),
(989, 'Jodia', 0, 8),
(990, 'Junagadh', 0, 8),
(991, 'Junagarh', 0, 8),
(992, 'Kalawad', 0, 8),
(993, 'Kalol', 0, 8),
(994, 'Kapad Wanj', 0, 8),
(995, 'Keshod', 0, 8),
(996, 'Khambat', 0, 8),
(997, 'Khambhalia', 0, 8),
(998, 'Khavda', 0, 8),
(999, 'Kheda', 0, 8),
(1000, 'Khedbrahma', 0, 8),
(1001, 'Kheralu', 0, 8),
(1002, 'Kodinar', 0, 8),
(1003, 'Kotdasanghani', 0, 8),
(1004, 'Kunkawav', 0, 8),
(1005, 'Kutch', 0, 8),
(1006, 'Kutchmandvi', 0, 8),
(1007, 'Kutiyana', 0, 8),
(1008, 'Lakhpat', 0, 8),
(1009, 'Lakhtar', 0, 8),
(1010, 'Lalpur', 0, 8),
(1011, 'Limbdi', 0, 8),
(1012, 'Limkheda', 0, 8),
(1013, 'Lunavada', 0, 8),
(1014, 'M.M.Mangrol', 0, 8),
(1015, 'Mahuva', 0, 8),
(1016, 'Malia-Hatina', 0, 8),
(1017, 'Maliya', 0, 8),
(1018, 'Malpur', 0, 8),
(1019, 'Manavadar', 0, 8),
(1020, 'Mandvi', 0, 8),
(1021, 'Mangrol', 0, 8),
(1022, 'Mehmedabad', 0, 8),
(1023, 'Mehsana', 0, 8),
(1024, 'Miyagam', 0, 8),
(1025, 'Modasa', 0, 8),
(1026, 'Morvi', 0, 8),
(1027, 'Muli', 0, 8),
(1028, 'Mundra', 0, 8),
(1029, 'Nadiad', 0, 8),
(1030, 'Nakhatrana', 0, 8),
(1031, 'Nalia', 0, 8),
(1032, 'Narmada', 0, 8),
(1033, 'Naswadi', 0, 8),
(1034, 'Navasari', 0, 8),
(1035, 'Nizar', 0, 8),
(1036, 'Okha', 0, 8),
(1037, 'Paddhari', 0, 8),
(1038, 'Padra', 0, 8),
(1039, 'Palanpur', 0, 8),
(1040, 'Palitana', 0, 8),
(1041, 'Panchmahals', 0, 8),
(1042, 'Patan', 0, 8),
(1043, 'Pavijetpur', 0, 8),
(1044, 'Porbandar', 0, 8),
(1045, 'Prantij', 0, 8),
(1046, 'Radhanpur', 0, 8),
(1047, 'Rahpar', 0, 8),
(1048, 'Rajaula', 0, 8),
(1049, 'Rajkot', 0, 8),
(1050, 'Rajpipla', 0, 8),
(1051, 'Ranavav', 0, 8),
(1052, 'Sabarkantha', 0, 8),
(1053, 'Sanand', 0, 8),
(1054, 'Sankheda', 0, 8),
(1055, 'Santalpur', 0, 8),
(1056, 'Santrampur', 0, 8),
(1057, 'Savarkundla', 0, 8),
(1058, 'Savli', 0, 8),
(1059, 'Sayan', 0, 8),
(1060, 'Sayla', 0, 8),
(1061, 'Shehra', 0, 8),
(1062, 'Sidhpur', 0, 8),
(1063, 'Sihor', 0, 8),
(1064, 'Sojitra', 0, 8),
(1065, 'Sumrasar', 0, 8),
(1066, 'Surat', 0, 8),
(1067, 'Surendranagar', 0, 8),
(1068, 'Talaja', 0, 8),
(1069, 'Thara', 0, 8),
(1070, 'Tharad', 0, 8),
(1071, 'Thasra', 0, 8),
(1072, 'Una-\r\n\r\nDiu', 0, 8),
(1073, 'Upleta', 0, 8),
(1074, 'Vadgam', 0, 8),
(1075, 'Vadodara', 0, 8),
(1076, 'Valia', 0, 8),
(1077, 'Vallabhipur', 0, 8),
(1078, 'Valod', 0, 8),
(1079, 'Valsad', 0, 8),
(1080, 'Vanthali', 0, 8),
(1081, 'Vapi', 0, 8),
(1082, 'Vav', 0, 8),
(1083, 'Veraval', 0, 8),
(1084, 'Vijapur', 0, 8),
(1085, 'Viramgam', 0, 8),
(1086, 'Visavadar', 0, 8),
(1087, 'Visnagar', 0, 8),
(1088, 'Vyara', 0, 8),
(1089, 'Waghodia', 0, 8),
(1090, 'Wankaner', 0, 8),
(1091, 'Adampur Mandi', 0, 9),
(1093, 'Assandh', 0, 9),
(1095, 'Barara', 0, 9),
(1096, 'Barwala', 0, 9),
(1097, 'Bawal', 0, 9),
(1098, 'Bawanikhera', 0, 9),
(1100, 'Charkhidadri', 0, 9),
(1101, 'Cheeka', 0, 9),
(1102, 'Chhachrauli', 0, 9),
(1103, 'Dabwali', 0, 9),
(1104, 'Ellenabad', 0, 9),
(1106, 'Fatehabad', 0, 9),
(1107, 'Ferojpur Jhirka', 0, 9),
(1108, 'Gharaunda', 0, 9),
(1109, 'Gohana', 0, 9),
(1110, 'Gurgaon', 0, 9),
(1111, 'Hansi', 0, 9),
(1113, 'Jagadhari', 0, 9),
(1114, 'Jatusana', 0, 9),
(1115, 'Jhajjar', 0, 9),
(1117, 'Julana', 0, 9),
(1119, 'Kalanaur', 0, 9),
(1120, 'Kalanwali', 0, 9),
(1121, 'Kalka', 0, 9),
(1122, 'Karnal', 0, 9),
(1123, 'Kosli', 0, 9),
(1124, 'Kurukshetra', 0, 9),
(1125, 'Loharu', 0, 9),
(1126, 'Mahendragarh', 0, 9),
(1127, 'Meham', 0, 9),
(1128, 'Mewat', 0, 9),
(1129, 'Mohindergarh', 0, 9),
(1130, 'Naraingarh', 0, 9),
(1131, 'Narnaul', 0, 9),
(1132, 'Narwana', 0, 9),
(1133, 'Nilokheri', 0, 9),
(1134, 'Nuh', 0, 9),
(1138, 'Pehowa', 0, 9),
(1139, 'Ratia', 0, 9),
(1142, 'Safidon', 0, 9),
(1144, 'Siwani', 0, 9),
(1146, 'Tohana', 0, 9),
(1147, 'Tohsam', 0, 9),
(1149, 'Amb', 0, 10),
(1150, 'Arki', 0, 10),
(1151, 'Banjar', 0, 10),
(1152, 'Bharmour', 0, 10),
(1153, 'Bilaspur', 0, 10),
(1154, 'Chamba', 0, 10),
(1155, 'Churah', 0, 10),
(1156, 'Dalhousie', 0, 10),
(1157, 'Dehra Gopipur', 0, 10),
(1158, 'Hamirpur', 0, 10),
(1159, 'Jogindernagar', 0, 10),
(1160, 'Kalpa', 0, 10),
(1161, 'Kangra', 0, 10),
(1162, 'Kinnaur', 0, 10),
(1163, 'Kullu', 0, 10),
(1164, 'Lahaul', 0, 10),
(1165, 'Mandi', 0, 10),
(1166, 'Nahan', 0, 10),
(1167, 'Nalagarh', 0, 10),
(1168, 'Nirmand', 0, 10),
(1169, 'Nurpur', 0, 10),
(1170, 'Palampur', 0, 10),
(1171, 'Pangi', 0, 10),
(1172, 'Paonta', 0, 10),
(1173, 'Pooh', 0, 10),
(1174, 'Rajgarh', 0, 10),
(1175, 'Rampur \r\n\r\nBushahar', 0, 10),
(1176, 'Rohru', 0, 10),
(1177, 'Shimla', 0, 10),
(1178, 'Sirmaur', 0, 10),
(1179, 'Solan', 0, 10),
(1180, 'Spiti', 0, 10),
(1181, 'Sundernagar', 0, 10),
(1182, 'Theog', 0, 10),
(1183, 'Udaipur', 0, 10),
(1184, 'Una', 0, 10),
(1185, 'Akhnoor', 0, 11),
(1186, 'Anantnag', 0, 11),
(1187, 'Badgam', 0, 11),
(1188, 'Bandipur', 0, 11),
(1189, 'Baramulla', 0, 11),
(1190, 'Basholi', 0, 11),
(1191, 'Bedarwah', 0, 11),
(1192, 'Budgam', 0, 11),
(1193, 'Doda', 0, 11),
(1194, 'Gulmarg', 0, 11),
(1195, 'Jammu', 0, 11),
(1196, 'Kalakot', 0, 11),
(1197, 'Kargil', 0, 11),
(1198, 'Karnah', 0, 11),
(1199, 'Kathua', 0, 11),
(1200, 'Kishtwar', 0, 11),
(1201, 'Kulgam', 0, 11),
(1202, 'Kupwara', 0, 11),
(1203, 'Leh', 0, 11),
(1204, 'Mahore', 0, 11),
(1205, 'Nagrota', 0, 11),
(1206, 'Nobra', 0, 11),
(1207, 'Nowshera', 0, 11),
(1208, 'Nyoma', 0, 11),
(1209, 'Padam', 0, 11),
(1210, 'Pahalgam', 0, 11),
(1211, 'Patnitop', 0, 11),
(1212, 'Poonch', 0, 11),
(1213, 'Pulwama', 0, 11),
(1214, 'Rajouri', 0, 11),
(1215, 'Ramban', 0, 11),
(1216, 'Ramnagar', 0, 11),
(1217, 'Reasi', 0, 11),
(1218, 'Samba', 0, 11),
(1219, 'Srinagar', 0, 11),
(1220, 'Udhampur', 0, 11),
(1221, 'Vaishno Devi', 0, 11),
(1222, 'Bagodar', 0, 12),
(1223, 'Baharagora', 0, 12),
(1224, 'Balumath', 0, 12),
(1225, 'Barhi', 0, 12),
(1226, 'Barkagaon', 0, 12),
(1227, 'Barwadih', 0, 12),
(1228, 'Basia', 0, 12),
(1229, 'Bermo', 0, 12),
(1230, 'Bhandaria', 0, 12),
(1231, 'Bhawanathpur', 0, 12),
(1232, 'Bishrampur', 0, 12),
(1233, 'Bokaro', 0, 12),
(1234, 'Bolwa', 0, 12),
(1235, 'Bundu', 0, 12),
(1236, 'Chaibasa', 0, 12),
(1237, 'Chainpur', 0, 12),
(1238, 'Chakardharpur', 0, 12),
(1239, 'Chandil', 0, 12),
(1240, 'Chatra', 0, 12),
(1241, 'Chavparan', 0, 12),
(1242, 'Daltonganj', 0, 12),
(1243, 'Deoghar', 0, 12),
(1244, 'Dhanbad', 0, 12),
(1245, 'Dumka', 0, 12),
(1246, 'Dumri', 0, 12),
(1247, 'Garhwa', 0, 12),
(1248, 'Garu', 0, 12),
(1249, 'Ghaghra', 0, 12),
(1250, 'Ghatsila', 0, 12),
(1251, 'Giridih', 0, 12),
(1252, 'Godda', 0, 12),
(1253, 'Gomia', 0, 12),
(1254, 'Govindpur', 0, 12),
(1255, 'Gumla', 0, 12),
(1256, 'Hazaribagh', 0, 12),
(1257, 'Hunterganj', 0, 12),
(1258, 'Ichak', 0, 12),
(1259, 'Itki', 0, 12),
(1260, 'Jagarnathpur', 0, 12),
(1261, 'Jamshedpur', 0, 12),
(1262, 'Jamtara', 0, 12),
(1263, 'Japla', 0, 12),
(1264, 'Jharmundi', 0, 12),
(1265, 'Jhinkpani', 0, 12),
(1266, 'Jhumaritalaiya', 0, 12),
(1267, 'Kathikund', 0, 12),
(1268, 'Kharsawa', 0, 12),
(1269, 'Khunti', 0, 12),
(1270, 'Koderma', 0, 12),
(1271, 'Kolebira', 0, 12),
(1272, 'Latehar', 0, 12),
(1273, 'Lohardaga', 0, 12),
(1274, 'Madhupur', 0, 12),
(1275, 'Mahagama', 0, 12),
(1276, 'Maheshpur Raj', 0, 12),
(1277, 'Mandar', 0, 12),
(1278, 'Mandu', 0, 12),
(1279, 'Manoharpur', 0, 12),
(1280, 'Muri', 0, 12),
(1281, 'Nagarutatri', 0, 12),
(1282, 'Nala', 0, 12),
(1283, 'Noamundi', 0, 12),
(1284, 'Pakur', 0, 12),
(1285, 'Palamu', 0, 12),
(1286, 'Palkot', 0, 12),
(1287, 'Patan', 0, 12),
(1288, 'Rajdhanwar', 0, 12),
(1289, 'Rajmahal', 0, 12),
(1290, 'Ramgarh', 0, 12),
(1291, 'Ranchi', 0, 12),
(1292, 'Sahibganj', 0, 12),
(1293, 'Saraikela', 0, 12),
(1294, 'Simaria', 0, 12),
(1295, 'Simdega', 0, 12),
(1296, 'Singhbhum', 0, 12),
(1297, 'Tisri', 0, 12),
(1298, 'Torpa', 0, 12),
(1314, 'Bangalore Rural', 0, 13),
(1321, 'Bellary', 0, 13),
(1322, 'Belthangady', 0, 13),
(1323, 'Belur', 0, 13),
(1324, 'Bhadravati', 0, 13),
(1325, 'Bhalki', 0, 13),
(1326, 'Bhatkal', 0, 13),
(1327, 'Bidar', 0, 13),
(1328, 'Bijapur', 0, 13),
(1329, 'Biligi', 0, 13),
(1330, 'Chadchan', 0, 13),
(1331, 'Challakere', 0, 13),
(1332, 'Chamrajnagar', 0, 13),
(1333, 'Channagiri', 0, 13),
(1334, 'Channapatna', 0, 13),
(1335, 'Channarayapatna', 0, 13),
(1336, 'Chickmagalur', 0, 13),
(1337, 'Chikballapur', 0, 13),
(1338, 'Chikkaballapur', 0, 13),
(1339, 'Chikkanayakanahalli', 0, 13),
(1340, 'Chikkodi', 0, 13),
(1341, 'Chikmagalur', 0, 13),
(1342, 'Chincholi', 0, 13),
(1343, 'Chintamani', 0, 13),
(1344, 'Chitradurga', 0, 13),
(1345, 'Chittapur', 0, 13),
(1346, 'Cowdahalli', 0, 13),
(1347, 'Davanagere', 0, 13),
(1348, 'Deodurga', 0, 13),
(1349, 'Devangere', 0, 13),
(1350, 'Devarahippargi', 0, 13),
(1351, 'Dharwad', 0, 13),
(1352, 'Doddaballapur', 0, 13),
(1353, 'Gadag', 0, 13),
(1354, 'Gangavathi', 0, 13),
(1355, 'Gokak', 0, 13),
(1356, 'Gowribdanpur', 0, 13),
(1357, 'Gubbi', 0, 13),
(1358, 'Gulbarga', 0, 13),
(1359, 'Gundlupet', 0, 13),
(1360, 'H.B.Halli', 0, 13),
(1361, 'H.DKote', 0, 13),
(1362, 'Haliyal', 0, 13),
(1363, 'Hampi', 0, 13),
(1364, 'Hangal', 0, 13),
(1365, 'Harapanahalli', 0, 13),
(1366, 'Hassan', 0, 13),
(1367, 'Haveri', 0, 13),
(1368, 'Hebri', 0, 13),
(1369, 'Hirekerur', 0, 13),
(1370, 'Hiriyur', 0, 13),
(1371, 'Holalkere', 0, 13),
(1372, 'Holenarsipur', 0, 13),
(1373, 'Honnali', 0, 13),
(1374, 'Honnavar', 0, 13),
(1375, 'Hosadurga', 0, 13),
(1376, 'Hosakote', 0, 13),
(1377, 'Hosanagara', 0, 13),
(1378, 'Hospet', 0, 13),
(1379, 'Hubli', 0, 13),
(1380, 'Hukkeri', 0, 13),
(1381, 'Humnabad', 0, 13),
(1382, 'Hungund', 0, 13),
(1383, 'Hunsagi', 0, 13),
(1384, 'Hunsur', 0, 13),
(1385, 'Huvinahadagali', 0, 13),
(1386, 'Indi', 0, 13),
(1387, 'Jagalur', 0, 13),
(1388, 'Jamkhandi', 0, 13),
(1389, 'Jewargi', 0, 13),
(1390, 'Joida', 0, 13),
(1391, 'K.RNagar', 0, 13),
(1392, 'Kadur', 0, 13),
(1393, 'Kalghatagi', 0, 13),
(1394, 'Kamalapur', 0, 13),
(1395, 'Kanakapura', 0, 13),
(1396, 'Kannada', 0, 13),
(1397, 'Kargal', 0, 13),
(1398, 'Karkala', 0, 13),
(1399, 'Karwar', 0, 13),
(1400, 'Khanapur', 0, 13),
(1401, 'Kodagu', 0, 13),
(1402, 'Kolar', 0, 13),
(1403, 'Kollegal', 0, 13),
(1404, 'Koppa', 0, 13),
(1405, 'Koppal', 0, 13),
(1406, 'Koratageri', 0, 13),
(1407, 'Krishnarajapet', 0, 13),
(1408, 'Kudligi', 0, 13),
(1409, 'Kumta', 0, 13),
(1410, 'Kundapur', 0, 13),
(1411, 'Kundgol', 0, 13),
(1412, 'Kunigal', 0, 13),
(1413, 'Kurugodu', 0, 13),
(1414, 'Kustagi', 0, 13),
(1415, 'Lingsugur', 0, 13),
(1416, 'Madikeri', 0, 13),
(1417, 'Madugiri', 0, 13),
(1418, 'Malavalli', 0, 13),
(1419, 'Malur', 0, 13),
(1420, 'Mandya', 0, 13),
(1421, 'Mangalore', 0, 13),
(1422, 'Manipal', 0, 13),
(1423, 'Manvi', 0, 13),
(1424, 'Mashal', 0, 13),
(1425, 'Molkalmuru', 0, 13),
(1426, 'Mudalgi', 0, 13),
(1427, 'Muddebihal', 0, 13),
(1428, 'Mudhol', 0, 13),
(1429, 'Mudigere', 0, 13),
(1430, 'Mulbagal', 0, 13),
(1431, 'Mundagod', 0, 13),
(1432, 'Mundargi', 0, 13),
(1433, 'Murugod', 0, 13),
(1434, 'Mysore', 0, 13),
(1435, 'Nagamangala', 0, 13),
(1436, 'Nanjangud', 0, 13),
(1437, 'Nargund', 0, 13),
(1438, 'Narsimrajapur', 0, 13),
(1439, 'Navalgund', 0, 13),
(1440, 'Nelamangala', 0, 13),
(1441, 'Nimburga', 0, 13),
(1442, 'Pandavapura', 0, 13),
(1443, 'Pavagada', 0, 13),
(1444, 'Puttur', 0, 13),
(1445, 'Raibag', 0, 13),
(1446, 'Raichur', 0, 13),
(1447, 'Ramdurg', 0, 13),
(1448, 'Ranebennur', 0, 13),
(1449, 'Ron', 0, 13),
(1450, 'Sagar', 0, 13),
(1451, 'Sakleshpur', 0, 13),
(1452, 'Salkani', 0, 13),
(1453, 'Sandur', 0, 13),
(1454, 'Saundatti', 0, 13),
(1455, 'Savanur', 0, 13),
(1456, 'Sedam', 0, 13),
(1457, 'Shahapur', 0, 13),
(1458, 'Shankarnarayana', 0, 13),
(1459, 'Shikaripura', 0, 13),
(1460, 'Shimoga', 0, 13),
(1461, 'Shirahatti', 0, 13),
(1462, 'Shorapur', 0, 13),
(1463, 'Siddapur', 0, 13),
(1464, 'Sidlaghatta', 0, 13),
(1465, 'Sindagi', 0, 13),
(1466, 'Sindhanur', 0, 13),
(1467, 'Sira', 0, 13),
(1468, 'Sirsi', 0, 13),
(1469, 'Siruguppa', 0, 13),
(1470, 'Somwarpet', 0, 13),
(1471, 'Sorab', 0, 13),
(1472, 'Sringeri', 0, 13),
(1473, 'Sriniwaspur', 0, 13),
(1474, 'Srirangapatna', 0, 13),
(1475, 'Sullia', 0, 13),
(1476, 'TNarsipur', 0, 13),
(1477, 'Tallak', 0, 13),
(1478, 'Tarikere', 0, 13),
(1479, 'Telgi', 0, 13),
(1480, 'Thirthahalli', 0, 13),
(1481, 'Tiptur', 0, 13),
(1482, 'Tumkur', 0, 13),
(1483, 'Turuvekere', 0, 13),
(1484, 'Udupi', 0, 13),
(1485, 'Virajpet', 0, 13),
(1486, 'Wadi', 0, 13),
(1487, 'Yadgiri', 0, 13),
(1488, 'Yelburga', 0, 13),
(1489, 'Yellapur', 0, 13),
(1490, 'Adimaly', 0, 14),
(1491, 'Adoor', 0, 14),
(1492, 'Agathy', 0, 14),
(1493, 'Alappuzha', 0, 14),
(1494, 'Alathur', 0, 14),
(1495, 'Alleppey', 0, 14),
(1496, 'Alwaye', 0, 14),
(1497, 'Amini', 0, 14),
(1498, 'Androth', 0, 14),
(1499, 'Attingal', 0, 14),
(1500, 'Badagara', 0, 14),
(1501, 'Bitra', 0, 14),
(1502, 'Calicut', 0, 14),
(1503, 'Cannanore', 0, 14),
(1504, 'Chetlet', 0, 14),
(1505, 'Ernakulam', 0, 14),
(1506, 'Idukki', 0, 14),
(1507, 'Irinjalakuda', 0, 14),
(1508, 'Kadamath', 0, 14),
(1509, 'Kalpeni', 0, 14),
(1510, 'Kalpetta', 0, 14),
(1511, 'Kanhangad', 0, 14),
(1512, 'Kanjirapally', 0, 14),
(1513, 'Kannur', 0, 14),
(1514, 'Karungapally', 0, 14),
(1515, 'Kasargode', 0, 14),
(1516, 'Kavarathy', 0, 14),
(1517, 'Kiltan', 0, 14),
(1518, 'Kochi', 0, 14),
(1519, 'Koduvayur', 0, 14),
(1520, 'Kollam', 0, 14),
(1521, 'Kottayam', 0, 14),
(1522, 'Kovalam', 0, 14),
(1523, 'Kozhikode', 0, 14),
(1524, 'Kunnamkulam', 0, 14),
(1525, 'Malappuram', 0, 14),
(1526, 'Mananthodi', 0, 14),
(1527, 'Manjeri', 0, 14),
(1528, 'Mannarghat', 0, 14),
(1529, 'Mavelikkara', 0, 14),
(1530, 'Minicoy', 0, 14),
(1531, 'Munnar', 0, 14),
(1532, 'Muvattupuzha', 0, 14),
(1533, 'Nedumandad', 0, 14),
(1534, 'Nedumgandam', 0, 14),
(1535, 'Nilambur', 0, 14),
(1536, 'Palai', 0, 14),
(1537, 'Palakkad', 0, 14),
(1538, 'Palghat', 0, 14),
(1539, 'Pathaanamthitta', 0, 14),
(1540, 'Pathanamthitta', 0, 14),
(1541, 'Payyanur', 0, 14),
(1542, 'Peermedu', 0, 14),
(1543, 'Perinthalmanna', 0, 14),
(1544, 'Perumbavoor', 0, 14),
(1545, 'Punalur', 0, 14),
(1546, 'Quilon', 0, 14),
(1547, 'Ranni', 0, 14),
(1548, 'Shertallai', 0, 14),
(1549, 'Shoranur', 0, 14),
(1550, 'Taliparamba', 0, 14),
(1551, 'Tellicherry', 0, 14),
(1552, 'Thiruvananthapuram', 0, 14),
(1553, 'Thodupuzha', 0, 14),
(1554, 'Thrissur', 0, 14),
(1555, 'Tirur', 0, 14),
(1556, 'Tiruvalla', 0, 14),
(1557, 'Trichur', 0, 14),
(1558, 'Trivandrum', 0, 14),
(1559, 'Uppala', 0, 14),
(1560, 'Vadakkanchery', 0, 14),
(1561, 'Vikom', 0, 14),
(1562, 'Wayanad', 0, 14),
(1563, 'Agar', 0, 15),
(1564, 'Ajaigarh', 0, 15),
(1565, 'Alirajpur', 0, 15),
(1566, 'Amarpatan', 0, 15),
(1567, 'Amarwada', 0, 15),
(1568, 'Ambah', 0, 15),
(1569, 'Anuppur', 0, 15),
(1570, 'Arone', 0, 15),
(1571, 'Ashoknagar', 0, 15),
(1572, 'Ashta', 0, 15),
(1573, 'Atner', 0, 15),
(1574, 'Babaichichli', 0, 15),
(1575, 'Badamalhera', 0, 15),
(1576, 'Badarwsas', 0, 15),
(1577, 'Badnagar', 0, 15),
(1578, 'Badnawar', 0, 15),
(1579, 'Badwani', 0, 15),
(1580, 'Bagli', 0, 15),
(1581, 'Baihar', 0, 15),
(1582, 'Balaghat', 0, 15),
(1583, 'Baldeogarh', 0, 15),
(1584, 'Baldi', 0, 15),
(1585, 'Bamori', 0, 15),
(1586, 'Banda', 0, 15),
(1587, 'Bandhavgarh', 0, 15),
(1588, 'Bareli', 0, 15),
(1589, 'Baroda', 0, 15),
(1590, 'Barwaha', 0, 15),
(1591, 'Barwani', 0, 15),
(1592, 'Batkakhapa', 0, 15),
(1593, 'Begamganj', 0, 15),
(1594, 'Beohari', 0, 15),
(1595, 'Berasia', 0, 15),
(1596, 'Berchha', 0, 15),
(1597, 'Betul', 0, 15),
(1598, 'Bhainsdehi', 0, 15),
(1599, 'Bhander', 0, 15),
(1600, 'Bhanpura', 0, 15),
(1601, 'Bhikangaon', 0, 15),
(1602, 'Bhimpur', 0, 15),
(1603, 'Bhind', 0, 15),
(1604, 'Bhitarwar', 0, 15),
(1605, 'Bhopal', 0, 15),
(1606, 'Biaora', 0, 15),
(1607, 'Bijadandi', 0, 15),
(1608, 'Bijawar', 0, 15),
(1609, 'Bijaypur', 0, 15),
(1610, 'Bina', 0, 15),
(1611, 'Birsa', 0, 15),
(1612, 'Birsinghpur', 0, 15),
(1613, 'Budhni', 0, 15),
(1614, 'Burhanpur', 0, 15),
(1615, 'Buxwaha', 0, 15),
(1616, 'Chachaura', 0, 15),
(1617, 'Chanderi', 0, 15),
(1618, 'Chaurai', 0, 15),
(1619, 'Chhapara', 0, 15),
(1620, 'Chhatarpur', 0, 15),
(1621, 'Chhindwara', 0, 15),
(1622, 'Chicholi', 0, 15),
(1623, 'Chitrangi', 0, 15),
(1624, 'Churhat', 0, 15),
(1625, 'Dabra', 0, 15),
(1626, 'Damoh', 0, 15),
(1627, 'Datia', 0, 15),
(1628, 'Deori', 0, 15),
(1629, 'Deosar', 0, 15),
(1630, 'Depalpur', 0, 15),
(1631, 'Dewas', 0, 15),
(1632, 'Dhar', 0, 15),
(1633, 'Dharampuri', 0, 15),
(1634, 'Dindori', 0, 15),
(1635, 'Gadarwara', 0, 15),
(1636, 'Gairatganj', 0, 15),
(1637, 'Ganjbasoda', 0, 15),
(1638, 'Garoth', 0, 15),
(1639, 'Ghansour', 0, 15),
(1640, 'Ghatia', 0, 15),
(1641, 'Ghatigaon', 0, 15),
(1642, 'Ghorandogri', 0, 15),
(1643, 'Ghughari', 0, 15),
(1644, 'Gogaon', 0, 15),
(1645, 'Gohad', 0, 15),
(1646, 'Goharganj', 0, 15),
(1647, 'Gopalganj', 0, 15),
(1648, 'Gotegaon', 0, 15),
(1649, 'Gourihar', 0, 15),
(1650, 'Guna', 0, 15),
(1651, 'Gunnore', 0, 15),
(1652, 'Gwalior', 0, 15),
(1653, 'Gyraspur', 0, 15),
(1654, 'Hanumana', 0, 15),
(1655, 'Harda', 0, 15),
(1656, 'Harrai', 0, 15),
(1657, 'Harsud', 0, 15),
(1658, 'Hatta', 0, 15),
(1659, 'Hoshangabad', 0, 15),
(1660, 'Ichhawar', 0, 15),
(1661, 'Indore', 0, 15),
(1662, 'Isagarh', 0, 15),
(1663, 'Itarsi', 0, 15),
(1664, 'Jabalpur', 0, 15),
(1665, 'Jabera', 0, 15),
(1666, 'Jagdalpur', 0, 15),
(1667, 'Jaisinghnagar', 0, 15),
(1668, 'Jaithari', 0, 15),
(1669, 'Jaitpur', 0, 15),
(1670, 'Jaitwara', 0, 15),
(1671, 'Jamai', 0, 15),
(1672, 'Jaora', 0, 15),
(1673, 'Jatara', 0, 15),
(1674, 'Jawad', 0, 15),
(1675, 'Jhabua', 0, 15),
(1676, 'Jobat', 0, 15),
(1677, 'Jora', 0, 15),
(1678, 'Kakaiya', 0, 15),
(1679, 'Kannod', 0, 15),
(1680, 'Kannodi', 0, 15),
(1681, 'Karanjia', 0, 15),
(1682, 'Kareli', 0, 15),
(1683, 'Karera', 0, 15),
(1684, 'Karhal', 0, 15),
(1685, 'Karpa', 0, 15),
(1686, 'Kasrawad', 0, 15),
(1687, 'Katangi', 0, 15),
(1688, 'Katni', 0, 15),
(1689, 'Keolari', 0, 15),
(1690, 'Khachrod', 0, 15),
(1691, 'Khajuraho', 0, 15),
(1692, 'Khakner', 0, 15),
(1693, 'Khalwa', 0, 15),
(1694, 'Khandwa', 0, 15),
(1695, 'Khaniadhana', 0, 15),
(1696, 'Khargone', 0, 15),
(1697, 'Khategaon', 0, 15),
(1698, 'Khetia', 0, 15),
(1699, 'Khilchipur', 0, 15),
(1700, 'Khirkiya', 0, 15),
(1701, 'Khurai', 0, 15),
(1702, 'Kolaras', 0, 15),
(1703, 'Kotma', 0, 15),
(1704, 'Kukshi', 0, 15),
(1705, 'Kundam', 0, 15),
(1706, 'Kurwai', 0, 15),
(1707, 'Kusmi', 0, 15),
(1708, 'Laher', 0, 15),
(1709, 'Lakhnadon', 0, 15),
(1710, 'Lamta', 0, 15),
(1711, 'Lanji', 0, 15),
(1712, 'Lateri', 0, 15),
(1713, 'Laundi', 0, 15),
(1714, 'Maheshwar', 0, 15),
(1715, 'Mahidpurcity', 0, 15),
(1716, 'Maihar', 0, 15),
(1717, 'Majhagwan', 0, 15),
(1718, 'Majholi', 0, 15),
(1719, 'Malhargarh', 0, 15),
(1720, 'Manasa', 0, 15),
(1721, 'Manawar', 0, 15),
(1722, 'Mandla', 0, 15),
(1723, 'Mandsaur', 0, 15),
(1724, 'Manpur', 0, 15),
(1725, 'Mauganj', 0, 15),
(1726, 'Mawai', 0, 15),
(1727, 'Mehgaon', 0, 15),
(1728, 'Mhow', 0, 15),
(1729, 'Morena', 0, 15),
(1730, 'Multai', 0, 15),
(1731, 'Mungaoli', 0, 15),
(1732, 'Nagod', 0, 15),
(1733, 'Nainpur', 0, 15),
(1734, 'Narsingarh', 0, 15),
(1735, 'Narsinghpur', 0, 15),
(1736, 'Narwar', 0, 15),
(1737, 'Nasrullaganj', 0, 15),
(1738, 'Nateran', 0, 15),
(1739, 'Neemuch', 0, 15),
(1740, 'Niwari', 0, 15),
(1741, 'Niwas', 0, 15),
(1742, 'Nowgaon', 0, 15),
(1743, 'Pachmarhi', 0, 15),
(1744, 'Pandhana', 0, 15),
(1745, 'Pandhurna', 0, 15),
(1746, 'Panna', 0, 15),
(1747, 'Parasia', 0, 15),
(1748, 'Patan', 0, 15),
(1749, 'Patera', 0, 15),
(1750, 'Patharia', 0, 15),
(1751, 'Pawai', 0, 15),
(1752, 'Petlawad', 0, 15),
(1753, 'Pichhore', 0, 15),
(1754, 'Piparia', 0, 15),
(1755, 'Pohari', 0, 15),
(1756, 'Prabhapattan', 0, 15),
(1757, 'Punasa', 0, 15),
(1758, 'Pushprajgarh', 0, 15),
(1759, 'Raghogarh', 0, 15),
(1760, 'Raghunathpur', 0, 15),
(1761, 'Rahatgarh', 0, 15),
(1762, 'Raisen', 0, 15),
(1763, 'Rajgarh', 0, 15),
(1764, 'Rajpur', 0, 15),
(1765, 'Ratlam', 0, 15),
(1766, 'Rehli', 0, 15),
(1767, 'Rewa', 0, 15),
(1768, 'Sabalgarh', 0, 15),
(1769, 'Sagar', 0, 15),
(1770, 'Sailana', 0, 15),
(1771, 'Sanwer', 0, 15),
(1772, 'Sarangpur', 0, 15),
(1773, 'Sardarpur', 0, 15),
(1774, 'Satna', 0, 15),
(1775, 'Saunsar', 0, 15),
(1776, 'Sehore', 0, 15),
(1777, 'Sendhwa', 0, 15),
(1778, 'Seondha', 0, 15),
(1779, 'Seoni', 0, 15),
(1780, 'Seonimalwa', 0, 15),
(1781, 'Shahdol', 0, 15),
(1782, 'Shahnagar', 0, 15),
(1783, 'Shahpur', 0, 15),
(1784, 'Shajapur', 0, 15),
(1785, 'Sheopur', 0, 15),
(1786, 'Sheopurkalan', 0, 15),
(1787, 'Shivpuri', 0, 15),
(1788, 'Shujalpur', 0, 15),
(1789, 'Sidhi', 0, 15),
(1790, 'Sihora', 0, 15),
(1791, 'Silwani', 0, 15),
(1792, 'Singrauli', 0, 15),
(1793, 'Sirmour', 0, 15),
(1794, 'Sironj', 0, 15),
(1795, 'Sitamau', 0, 15),
(1796, 'Sohagpur', 0, 15),
(1797, 'Sondhwa', 0, 15),
(1798, 'Sonkatch', 0, 15),
(1799, 'Susner', 0, 15),
(1800, 'Tamia', 0, 15),
(1801, 'Tarana', 0, 15),
(1802, 'Tendukheda', 0, 15),
(1803, 'Teonthar', 0, 15),
(1804, 'Thandla', 0, 15),
(1805, 'Tikamgarh', 0, 15),
(1806, 'Timarani', 0, 15),
(1807, 'Udaipura', 0, 15),
(1808, 'Ujjain', 0, 15),
(1809, 'Umaria', 0, 15),
(1810, 'Umariapan', 0, 15),
(1811, 'Vidisha', 0, 15),
(1812, 'Vijayraghogarh', 0, 15),
(1813, 'Waraseoni', 0, 15),
(1814, 'Zhirnia', 0, 15),
(1815, 'Achalpur', 0, 16),
(1816, 'Aheri', 0, 16),
(1817, 'Ahmednagar', 0, 16),
(1818, 'Ahmedpur', 0, 16),
(1819, 'Ajara', 0, 16),
(1820, 'Akkalkot', 0, 16),
(1821, 'Akola', 0, 16),
(1822, 'Akole', 0, 16),
(1823, 'Akot', 0, 16),
(1824, 'Alibagh', 0, 16),
(1825, 'Amagaon', 0, 16),
(1826, 'Amalner', 0, 16),
(1827, 'Ambad', 0, 16),
(1828, 'Ambejogai', 0, 16),
(1829, 'Amravati', 0, 16),
(1830, 'Arjuni Merogaon', 0, 16),
(1831, 'Arvi', 0, 16),
(1832, 'Ashti', 0, 16),
(1833, 'Atpadi', 0, 16),
(1834, 'Aurangabad', 0, 16),
(1835, 'Ausa', 0, 16),
(1836, 'Babhulgaon', 0, 16),
(1837, 'Balapur', 0, 16),
(1838, 'Baramati', 0, 16),
(1839, 'Barshi Takli', 0, 16),
(1840, 'Barsi', 0, 16),
(1841, 'Basmatnagar', 0, 16),
(1842, 'Bassein', 0, 16),
(1843, 'Beed', 0, 16),
(1844, 'Bhadrawati', 0, 16),
(1845, 'Bhamregadh', 0, 16),
(1846, 'Bhandara', 0, 16),
(1847, 'Bhir', 0, 16),
(1848, 'Bhiwandi', 0, 16),
(1849, 'Bhiwapur', 0, 16),
(1850, 'Bhokar', 0, 16),
(1851, 'Bhokardan', 0, 16),
(1852, 'Bhoom', 0, 16),
(1853, 'Bhor', 0, 16),
(1854, 'Bhudargad', 0, 16),
(1855, 'Bhusawal', 0, 16),
(1856, 'Billoli', 0, 16),
(1857, 'Brahmapuri', 0, 16),
(1858, 'Buldhana', 0, 16),
(1859, 'Butibori', 0, 16),
(1860, 'Chalisgaon', 0, 16),
(1861, 'Chamorshi', 0, 16),
(1862, 'Chandgad', 0, 16),
(1863, 'Chandrapur', 0, 16),
(1864, 'Chandur', 0, 16),
(1865, 'Chanwad', 0, 16),
(1866, 'Chhikaldara', 0, 16),
(1867, 'Chikhali', 0, 16),
(1868, 'Chinchwad', 0, 16),
(1869, 'Chiplun', 0, 16),
(1870, 'Chopda', 0, 16),
(1871, 'Chumur', 0, 16),
(1872, 'Dahanu', 0, 16),
(1873, 'Dapoli', 0, 16),
(1874, 'Darwaha', 0, 16),
(1875, 'Daryapur', 0, 16),
(1876, 'Daund', 0, 16),
(1877, 'Degloor', 0, 16),
(1878, 'Delhi Tanda', 0, 16),
(1879, 'Deogad', 0, 16),
(1880, 'Deolgaonraja', 0, 16),
(1881, 'Deori', 0, 16),
(1882, 'Desaiganj', 0, 16),
(1883, 'Dhadgaon', 0, 16),
(1884, 'Dhanora', 0, 16),
(1885, 'Dharani', 0, 16),
(1886, 'Dhiwadi', 0, 16),
(1887, 'Dhule', 0, 16),
(1888, 'Dhulia', 0, 16),
(1889, 'Digras', 0, 16),
(1890, 'Dindori', 0, 16),
(1891, 'Edalabad', 0, 16),
(1892, 'Erandul', 0, 16),
(1893, 'Etapalli', 0, 16),
(1894, 'Gadhchiroli', 0, 16),
(1895, 'Gadhinglaj', 0, 16),
(1896, 'Gaganbavada', 0, 16),
(1897, 'Gangakhed', 0, 16),
(1898, 'Gangapur', 0, 16),
(1899, 'Gevrai', 0, 16),
(1900, 'Ghatanji', 0, 16),
(1901, 'Golegaon', 0, 16),
(1902, 'Gondia', 0, 16),
(1903, 'Gondpipri', 0, 16),
(1904, 'Goregaon', 0, 16),
(1905, 'Guhagar', 0, 16),
(1906, 'Hadgaon', 0, 16),
(1907, 'Hatkangale', 0, 16),
(1908, 'Hinganghat', 0, 16),
(1909, 'Hingoli', 0, 16),
(1910, 'Hingua', 0, 16),
(1911, 'Igatpuri', 0, 16),
(1912, 'Indapur', 0, 16),
(1913, 'Islampur', 0, 16),
(1914, 'Jalgaon', 0, 16),
(1915, 'Jalna', 0, 16),
(1916, 'Jamkhed', 0, 16),
(1917, 'Jamner', 0, 16),
(1918, 'Jath', 0, 16),
(1919, 'Jawahar', 0, 16),
(1920, 'Jintdor', 0, 16),
(1921, 'Junnar', 0, 16),
(1922, 'Kagal', 0, 16),
(1923, 'Kaij', 0, 16),
(1924, 'Kalamb', 0, 16),
(1925, 'Kalamnuri', 0, 16),
(1926, 'Kallam', 0, 16),
(1927, 'Kalmeshwar', 0, 16),
(1928, 'Kalwan', 0, 16),
(1929, 'Kalyan', 0, 16),
(1930, 'Kamptee', 0, 16),
(1931, 'Kandhar', 0, 16),
(1932, 'Kankavali', 0, 16),
(1933, 'Kannad', 0, 16),
(1934, 'Karad', 0, 16),
(1935, 'Karjat', 0, 16),
(1936, 'Karmala', 0, 16),
(1937, 'Katol', 0, 16),
(1938, 'Kavathemankal', 0, 16),
(1939, 'Kedgaon', 0, 16),
(1940, 'Khadakwasala', 0, 16),
(1941, 'Khamgaon', 0, 16),
(1942, 'Khed', 0, 16),
(1943, 'Khopoli', 0, 16),
(1944, 'Khultabad', 0, 16),
(1945, 'Kinwat', 0, 16),
(1946, 'Kolhapur', 0, 16),
(1947, 'Kopargaon', 0, 16),
(1948, 'Koregaon', 0, 16),
(1949, 'Kudal', 0, 16),
(1950, 'Kuhi', 0, 16),
(1951, 'Kurkheda', 0, 16),
(1952, 'Kusumba', 0, 16),
(1953, 'Lakhandur', 0, 16),
(1954, 'Langa', 0, 16),
(1955, 'Latur', 0, 16),
(1956, 'Lonar', 0, 16),
(1957, 'Lonavala', 0, 16),
(1958, 'Madangad', 0, 16),
(1959, 'Madha', 0, 16),
(1960, 'Mahabaleshwar', 0, 16),
(1961, 'Mahad', 0, 16),
(1962, 'Mahagaon', 0, 16),
(1963, 'Mahasala', 0, 16),
(1964, 'Mahaswad', 0, 16),
(1965, 'Malegaon', 0, 16),
(1966, 'Malgaon', 0, 16),
(1967, 'Malgund', 0, 16),
(1968, 'Malkapur', 0, 16),
(1969, 'Malsuras', 0, 16),
(1970, 'Malwan', 0, 16),
(1971, 'Mancher', 0, 16),
(1972, 'Mangalwedha', 0, 16),
(1973, 'Mangaon', 0, 16),
(1974, 'Mangrulpur', 0, 16),
(1975, 'Manjalegaon', 0, 16),
(1976, 'Manmad', 0, 16),
(1977, 'Maregaon', 0, 16),
(1978, 'Mehda', 0, 16),
(1979, 'Mekhar', 0, 16),
(1980, 'Mohadi', 0, 16),
(1981, 'Mohol', 0, 16),
(1982, 'Mokhada', 0, 16),
(1983, 'Morshi', 0, 16),
(1984, 'Mouda', 0, 16),
(1985, 'Mukhed', 0, 16),
(1986, 'Mul', 0, 16),
(1987, 'Mumbai', 0, 16),
(1988, 'Murbad', 0, 16),
(1989, 'Murtizapur', 0, 16),
(1990, 'Murud', 0, 16),
(1991, 'Nagbhir', 0, 16),
(1992, 'Nagpur', 0, 16),
(1993, 'Nahavara', 0, 16),
(1994, 'Nanded', 0, 16),
(1995, 'Nandgaon', 0, 16),
(1996, 'Nandnva', 0, 16),
(1997, 'Nandurbar', 0, 16),
(1998, 'Narkhed', 0, 16),
(1999, 'Nashik', 0, 16),
(2000, 'Navapur', 0, 16),
(2001, 'Ner', 0, 16),
(2002, 'Newasa', 0, 16),
(2003, 'Nilanga', 0, 16),
(2004, 'Niphad', 0, 16),
(2005, 'Omerga', 0, 16),
(2006, 'Osmanabad', 0, 16),
(2007, 'Pachora', 0, 16),
(2008, 'Paithan', 0, 16),
(2009, 'Palghar', 0, 16),
(2010, 'Pali', 0, 16),
(2011, 'Pandharkawada', 0, 16),
(2012, 'Pandharpur', 0, 16),
(2013, 'Panhala', 0, 16),
(2014, 'Paranda', 0, 16),
(2015, 'Parbhani', 0, 16),
(2016, 'Parner', 0, 16),
(2017, 'Parola', 0, 16),
(2018, 'Parseoni', 0, 16),
(2019, 'Partur', 0, 16),
(2020, 'Patan', 0, 16),
(2021, 'Pathardi', 0, 16),
(2022, 'Pathari', 0, 16),
(2023, 'Patoda', 0, 16),
(2024, 'Pauni', 0, 16),
(2025, 'Peint', 0, 16),
(2026, 'Pen', 0, 16),
(2027, 'Phaltan', 0, 16),
(2028, 'Pimpalner', 0, 16),
(2029, 'Pirangut', 0, 16),
(2030, 'Poladpur', 0, 16),
(2031, 'Pune', 0, 16),
(2032, 'Pusad', 0, 16),
(2033, 'Pusegaon', 0, 16),
(2034, 'Radhanagar', 0, 16),
(2035, 'Rahuri', 0, 16),
(2036, 'Raigad', 0, 16),
(2037, 'Rajapur', 0, 16),
(2038, 'Rajgurunagar', 0, 16),
(2039, 'Rajura', 0, 16),
(2040, 'Ralegaon', 0, 16),
(2041, 'Ramtek', 0, 16),
(2042, 'Ratnagiri', 0, 16),
(2043, 'Raver', 0, 16),
(2044, 'Risod', 0, 16),
(2045, 'Roha', 0, 16),
(2046, 'Sakarwadi', 0, 16),
(2047, 'Sakoli', 0, 16),
(2048, 'Sakri', 0, 16),
(2049, 'Salekasa', 0, 16),
(2050, 'Samudrapur', 0, 16),
(2051, 'Sangamner', 0, 16),
(2052, 'Sanganeshwar', 0, 16),
(2053, 'Sangli', 0, 16),
(2054, 'Sangola', 0, 16),
(2055, 'Sanguem', 0, 16),
(2056, 'Saoner', 0, 16),
(2057, 'Saswad', 0, 16),
(2058, 'Satana', 0, 16),
(2059, 'Satara', 0, 16),
(2060, 'Sawantwadi', 0, 16),
(2061, 'Seloo', 0, 16),
(2062, 'Shahada', 0, 16),
(2063, 'Shahapur', 0, 16),
(2064, 'Shahuwadi', 0, 16),
(2065, 'Shevgaon', 0, 16),
(2066, 'Shirala', 0, 16),
(2067, 'Shirol', 0, 16),
(2068, 'Shirpur', 0, 16),
(2069, 'Shirur', 0, 16),
(2070, 'Shirwal', 0, 16),
(2071, 'Sholapur', 0, 16),
(2072, 'Shri Rampur', 0, 16),
(2073, 'Shrigonda', 0, 16),
(2074, 'Shrivardhan', 0, 16),
(2075, 'Sillod', 0, 16),
(2076, 'Sinderwahi', 0, 16),
(2077, 'Sindhudurg', 0, 16),
(2078, 'Sindkheda', 0, 16),
(2079, 'Sindkhedaraja', 0, 16),
(2080, 'Sinnar', 0, 16),
(2081, 'Sironcha', 0, 16),
(2082, 'Soyegaon', 0, 16),
(2083, 'Surgena', 0, 16),
(2084, 'Talasari', 0, 16),
(2085, 'Talegaon S.Ji \r\n\r\nPant', 0, 16),
(2086, 'Taloda', 0, 16),
(2087, 'Tasgaon', 0, 16),
(2088, 'Thane', 0, 16),
(2089, 'Tirora', 0, 16),
(2090, 'Tiwasa', 0, 16),
(2091, 'Trimbak', 0, 16),
(2092, 'Tuljapur', 0, 16),
(2093, 'Tumsar', 0, 16),
(2094, 'Udgir', 0, 16),
(2095, 'Umarkhed', 0, 16),
(2096, 'Umrane', 0, 16),
(2097, 'Umrer', 0, 16),
(2098, 'Urlikanchan', 0, 16),
(2099, 'Vaduj', 0, 16),
(2100, 'Velhe', 0, 16),
(2101, 'Vengurla', 0, 16),
(2102, 'Vijapur', 0, 16),
(2103, 'Vita', 0, 16),
(2104, 'Wada', 0, 16),
(2105, 'Wai', 0, 16),
(2106, 'Walchandnagar', 0, 16),
(2107, 'Wani', 0, 16),
(2108, 'Wardha', 0, 16),
(2109, 'Warlydwarud', 0, 16),
(2110, 'Warora', 0, 16),
(2111, 'Washim', 0, 16),
(2112, 'Wathar', 0, 16),
(2113, 'Yavatmal', 0, 16),
(2114, 'Yawal', 0, 16),
(2115, 'Yeola', 0, 16),
(2116, 'Yeotmal', 0, 16),
(2117, 'Bishnupur', 0, 17),
(2118, 'Chakpikarong', 0, 17),
(2119, 'Chandel', 0, 17),
(2120, 'Chattrik', 0, 17),
(2121, 'Churachandpur', 0, 17),
(2122, 'Imphal', 0, 17),
(2123, 'Jiribam', 0, 17),
(2124, 'Kakching', 0, 17),
(2125, 'Kalapahar', 0, 17),
(2126, 'Mao', 0, 17),
(2127, 'Mulam', 0, 17),
(2128, 'Parbung', 0, 17),
(2129, 'Sadarhills', 0, 17),
(2130, 'Saibom', 0, 17),
(2131, 'Sempang', 0, 17),
(2132, 'Senapati', 0, 17),
(2133, 'Sochumer', 0, 17),
(2134, 'Taloulong', 0, 17),
(2135, 'Tamenglong', 0, 17),
(2136, 'Thinghat', 0, 17),
(2137, 'Thoubal', 0, 17),
(2138, 'Ukhrul', 0, 17),
(2139, 'Amlaren', 0, 18),
(2140, 'Baghmara', 0, 18),
(2141, 'Cherrapunjee', 0, 18),
(2142, 'Dadengiri', 0, 18),
(2143, 'Garo Hills', 0, 18),
(2144, 'Jaintia \r\n\r\nHills', 0, 18),
(2145, 'Jowai', 0, 18),
(2146, 'Khasi Hills', 0, 18),
(2147, 'Khliehriat', 0, 18),
(2148, 'Mariang', 0, 18),
(2149, 'Mawkyrwat', 0, 18),
(2150, 'Nongpoh', 0, 18),
(2151, 'Nongstoin', 0, 18),
(2152, 'Resubelpara', 0, 18),
(2153, 'Ri Bhoi', 0, 18),
(2154, 'Shillong', 0, 18),
(2155, 'Tura', 0, 18),
(2156, 'Williamnagar', 0, 18),
(2157, 'Aizawl', 0, 19),
(2158, 'Champhai', 0, 19),
(2159, 'Demagiri', 0, 19),
(2160, 'Kolasib', 0, 19),
(2161, 'Lawngtlai', 0, 19),
(2162, 'Lunglei', 0, 19),
(2163, 'Mamit', 0, 19),
(2164, 'Saiha', 0, 19),
(2165, 'Serchhip', 0, 19),
(2166, 'Dimapur', 0, 20),
(2167, 'Jalukie', 0, 20),
(2168, 'Kiphire', 0, 20),
(2169, 'Kohima', 0, 20),
(2170, 'Mokokchung', 0, 20),
(2171, 'Mon', 0, 20),
(2172, 'Phek', 0, 20),
(2173, 'Tuensang', 0, 20),
(2174, 'Wokha', 0, 20),
(2175, 'Zunheboto', 0, 20),
(2176, 'Anandapur', 0, 21),
(2177, 'Angul', 0, 21),
(2178, 'Anugul', 0, 21),
(2179, 'Aska', 0, 21),
(2180, 'Athgarh', 0, 21),
(2181, 'Athmallik', 0, 21),
(2182, 'Attabira', 0, 21),
(2183, 'Bagdihi', 0, 21),
(2184, 'Balangir', 0, 21),
(2185, 'Balasore', 0, 21),
(2186, 'Baleswar', 0, 21),
(2187, 'Baliguda', 0, 21),
(2188, 'Balugaon', 0, 21),
(2189, 'Banaigarh', 0, 21),
(2190, 'Bangiriposi', 0, 21),
(2191, 'Barbil', 0, 21);
INSERT INTO `city_detail` (`city_id`, `city_name`, `city_zip`, `city_state_id`) VALUES
(2192, 'Bargarh', 0, 21),
(2193, 'Baripada', 0, 21),
(2194, 'Barkot', 0, 21),
(2195, 'Basta', 0, 21),
(2196, 'Berhampur', 0, 21),
(2197, 'Betanati', 0, 21),
(2198, 'Bhadrak', 0, 21),
(2199, 'Bhanjanagar', 0, 21),
(2200, 'Bhawanipatna', 0, 21),
(2201, 'Bhubaneswar', 0, 21),
(2202, 'Birmaharajpur', 0, 21),
(2203, 'Bisam \r\n\r\nCuttack', 0, 21),
(2204, 'Boriguma', 0, 21),
(2205, 'Boudh', 0, 21),
(2206, 'Buguda', 0, 21),
(2207, 'Chandbali', 0, 21),
(2208, 'Chhatrapur', 0, 21),
(2209, 'Chhendipada', 0, 21),
(2210, 'Cuttack', 0, 21),
(2211, 'Daringbadi', 0, 21),
(2212, 'Daspalla', 0, 21),
(2213, 'Deodgarh', 0, 21),
(2214, 'Deogarh', 0, 21),
(2215, 'Dhanmandal', 0, 21),
(2216, 'Dharamgarh', 0, 21),
(2217, 'Dhenkanal', 0, 21),
(2218, 'Digapahandi', 0, 21),
(2219, 'Dunguripali', 0, 21),
(2220, 'GUdayagiri', 0, 21),
(2221, 'Gajapati', 0, 21),
(2222, 'Ganjam', 0, 21),
(2223, 'Ghatgaon', 0, 21),
(2224, 'Gudari', 0, 21),
(2225, 'Gunupur', 0, 21),
(2226, 'Hemgiri', 0, 21),
(2227, 'Hindol', 0, 21),
(2228, 'Jagatsinghapur', 0, 21),
(2229, 'Jajpur', 0, 21),
(2230, 'Jamankira', 0, 21),
(2231, 'Jashipur', 0, 21),
(2232, 'Jayapatna', 0, 21),
(2233, 'Jeypur', 0, 21),
(2234, 'Jharigan', 0, 21),
(2235, 'Jharsuguda', 0, 21),
(2236, 'Jujumura', 0, 21),
(2237, 'Kalahandi', 0, 21),
(2238, 'Kalimela', 0, 21),
(2239, 'Kamakhyanagar', 0, 21),
(2240, 'Kandhamal', 0, 21),
(2241, 'Kantabhanji', 0, 21),
(2242, 'Kantamal', 0, 21),
(2243, 'Karanjia', 0, 21),
(2244, 'Kashipur', 0, 21),
(2245, 'Kendrapara', 0, 21),
(2246, 'Kendujhar', 0, 21),
(2247, 'Keonjhar', 0, 21),
(2248, 'Khalikote', 0, 21),
(2249, 'Khordha', 0, 21),
(2250, 'Khurda', 0, 21),
(2251, 'Komana', 0, 21),
(2252, 'Koraput', 0, 21),
(2253, 'Kotagarh', 0, 21),
(2254, 'Kuchinda', 0, 21),
(2255, 'Lahunipara', 0, 21),
(2256, 'Laxmipur', 0, 21),
(2257, 'MRampur', 0, 21),
(2258, 'Malkangiri', 0, 21),
(2259, 'Mathili', 0, 21),
(2260, 'Mayurbhanj', 0, 21),
(2261, 'Mohana', 0, 21),
(2262, 'Motu', 0, 21),
(2263, 'Nabarangapur', 0, 21),
(2264, 'Naktideul', 0, 21),
(2265, 'Nandapur', 0, 21),
(2266, 'Narlaroad', 0, 21),
(2267, 'Narsinghpur', 0, 21),
(2268, 'Nayagarh', 0, 21),
(2269, 'Nimapara', 0, 21),
(2270, 'Nowparatan', 0, 21),
(2271, 'Nowrangapur', 0, 21),
(2272, 'Nuapada', 0, 21),
(2273, 'Padampur', 0, 21),
(2274, 'Paikamal', 0, 21),
(2275, 'Palla Hara', 0, 21),
(2276, 'Papadhandi', 0, 21),
(2277, 'Parajang', 0, 21),
(2278, 'Pardip', 0, 21),
(2279, 'Parlakhemundi', 0, 21),
(2280, 'Patnagarh', 0, 21),
(2281, 'Pattamundai', 0, 21),
(2282, 'Phiringia', 0, 21),
(2283, 'Phulbani', 0, 21),
(2284, 'Puri', 0, 21),
(2285, 'Puruna Katak', 0, 21),
(2286, 'RUdayigiri', 0, 21),
(2287, 'Rairakhol', 0, 21),
(2288, 'Rairangpur', 0, 21),
(2289, 'Rajgangpur', 0, 21),
(2290, 'Rajkhariar', 0, 21),
(2291, 'Rayagada', 0, 21),
(2292, 'Rourkela', 0, 21),
(2293, 'Sambalpur', 0, 21),
(2294, 'Sohela', 0, 21),
(2295, 'Sonapur', 0, 21),
(2296, 'Soro', 0, 21),
(2297, 'Subarnapur', 0, 21),
(2298, 'Sunabeda', 0, 21),
(2299, 'Sundergarh', 0, 21),
(2300, 'Surada', 0, 21),
(2301, 'TRampur', 0, 21),
(2302, 'Talcher', 0, 21),
(2303, 'Telkoi', 0, 21),
(2304, 'Titlagarh', 0, 21),
(2305, 'Tumudibandha', 0, 21),
(2306, 'Udala', 0, 21),
(2307, 'Umerkote', 0, 21),
(2308, 'Abohar', 0, 22),
(2309, 'Ajnala', 0, 22),
(2310, 'Amritsar', 0, 22),
(2311, 'Balachaur', 0, 22),
(2312, 'Barnala', 0, 22),
(2313, 'Batala', 0, 22),
(2314, 'Bathinda', 0, 22),
(2315, 'Chandigarh', 0, 22),
(2316, 'Dasua', 0, 22),
(2317, 'Dinanagar', 0, 22),
(2318, 'Faridkot', 0, 22),
(2319, 'Fatehgarh Sahib', 0, 22),
(2320, 'Fazilka', 0, 22),
(2321, 'Ferozepur', 0, 22),
(2322, 'Garhashanker', 0, 22),
(2323, 'Goindwal', 0, 22),
(2324, 'Gurdaspur', 0, 22),
(2325, 'Guruharsahai', 0, 22),
(2326, 'Hoshiarpur', 0, 22),
(2327, 'Jagraon', 0, 22),
(2328, 'Jalandhar', 0, 22),
(2329, 'Jugial', 0, 22),
(2330, 'Kapurthala', 0, 22),
(2331, 'Kharar', 0, 22),
(2332, 'Kotkapura', 0, 22),
(2333, 'Ludhiana', 0, 22),
(2334, 'Malaut', 0, 22),
(2335, 'Malerkotla', 0, 22),
(2336, 'Mansa', 0, 22),
(2337, 'Moga', 0, 22),
(2338, 'Nabha', 0, 22),
(2339, 'Nakodar', 0, 22),
(2340, 'Nangal', 0, 22),
(2341, 'Nawanshahar', 0, 22),
(2342, 'Nawanshahr', 0, 22),
(2343, 'Pathankot', 0, 22),
(2344, 'Patiala', 0, 22),
(2345, 'Patti', 0, 22),
(2346, 'Phagwara', 0, 22),
(2347, 'Phillaur', 0, 22),
(2348, 'Phulmandi', 0, 22),
(2349, 'Quadian', 0, 22),
(2350, 'Rajpura', 0, 22),
(2351, 'Raman', 0, 22),
(2352, 'Rayya', 0, 22),
(2353, 'Ropar', 0, 22),
(2354, 'Rupnagar', 0, 22),
(2355, 'Samana', 0, 22),
(2356, 'Sri \r\n\r\nMuktsar Sahib', 0, 22),
(2357, 'Samrala', 0, 22),
(2358, 'Sangrur', 0, 22),
(2359, 'Sardulgarh', 0, 22),
(2360, 'Sarhind', 0, 22),
(2361, 'SAS Nagar', 0, 22),
(2362, 'Sultanpur Lodhi', 0, 22),
(2363, 'Sunam', 0, 22),
(2364, 'Tanda Urmar', 0, 22),
(2365, 'Taran Taran', 0, 22),
(2366, 'Zira', 0, 22),
(2367, 'Abu Road', 0, 23),
(2368, 'Ahore', 0, 23),
(2369, 'Ajmer', 0, 23),
(2370, 'Aklera', 0, 23),
(2371, 'Alwar', 0, 23),
(2372, 'Amber', 0, 23),
(2373, 'Amet', 0, 23),
(2374, 'Anupgarh', 0, 23),
(2375, 'Asind', 0, 23),
(2376, 'Aspur', 0, 23),
(2377, 'Atru', 0, 23),
(2378, 'Bagidora', 0, 23),
(2379, 'Bali', 0, 23),
(2380, 'Bamanwas', 0, 23),
(2381, 'Banera', 0, 23),
(2382, 'Bansur', 0, 23),
(2383, 'Banswara', 0, 23),
(2384, 'Baran', 0, 23),
(2385, 'Bari', 0, 23),
(2386, 'Barisadri', 0, 23),
(2387, 'Barmer', 0, 23),
(2388, 'Baseri', 0, 23),
(2389, 'Bassi', 0, 23),
(2390, 'Baswa', 0, 23),
(2391, 'Bayana', 0, 23),
(2392, 'Beawar', 0, 23),
(2393, 'Begun', 0, 23),
(2394, 'Behror', 0, 23),
(2395, 'Bhadra', 0, 23),
(2396, 'Bharatpur', 0, 23),
(2397, 'Bhilwara', 0, 23),
(2398, 'Bhim', 0, 23),
(2399, 'Bhinmal', 0, 23),
(2400, 'Bikaner', 0, 23),
(2401, 'Bilara', 0, 23),
(2402, 'Bundi', 0, 23),
(2403, 'Chhabra', 0, 23),
(2404, 'Chhipaborad', 0, 23),
(2405, 'Chirawa', 0, 23),
(2406, 'Chittorgarh', 0, 23),
(2407, 'Chohtan', 0, 23),
(2408, 'Churu', 0, 23),
(2409, 'Dantaramgarh', 0, 23),
(2410, 'Dausa', 0, 23),
(2411, 'Deedwana', 0, 23),
(2412, 'Deeg', 0, 23),
(2413, 'Degana', 0, 23),
(2414, 'Deogarh', 0, 23),
(2415, 'Deoli', 0, 23),
(2416, 'Desuri', 0, 23),
(2417, 'Dhariawad', 0, 23),
(2418, 'Dholpur', 0, 23),
(2419, 'Digod', 0, 23),
(2420, 'Dudu', 0, 23),
(2421, 'Dungarpur', 0, 23),
(2422, 'Dungla', 0, 23),
(2423, 'Fatehpur', 0, 23),
(2424, 'Gangapur', 0, 23),
(2425, 'Gangdhar', 0, 23),
(2426, 'Gerhi', 0, 23),
(2427, 'Ghatol', 0, 23),
(2428, 'Girwa', 0, 23),
(2429, 'Gogunda', 0, 23),
(2430, 'Hanumangarh', 0, 23),
(2431, 'Hindaun', 0, 23),
(2432, 'Hindoli', 0, 23),
(2433, 'Hurda', 0, 23),
(2434, 'Jahazpur', 0, 23),
(2435, 'Jaipur', 0, 23),
(2436, 'Jaisalmer', 0, 23),
(2437, 'Jalore', 0, 23),
(2438, 'Jhalawar', 0, 23),
(2439, 'Jhunjhunu', 0, 23),
(2440, 'Jodhpur', 0, 23),
(2441, 'Kaman', 0, 23),
(2442, 'Kapasan', 0, 23),
(2443, 'Karauli', 0, 23),
(2444, 'Kekri', 0, 23),
(2445, 'Keshoraipatan', 0, 23),
(2446, 'Khandar', 0, 23),
(2447, 'Kherwara', 0, 23),
(2448, 'Khetri', 0, 23),
(2449, 'Kishanganj', 0, 23),
(2450, 'Kishangarh', 0, 23),
(2451, 'Kishangarhbas', 0, 23),
(2452, 'Kolayat', 0, 23),
(2453, 'Kota', 0, 23),
(2454, 'Kotputli', 0, 23),
(2455, 'Kotra', 0, 23),
(2456, 'Kotri', 0, 23),
(2457, 'Kumbalgarh', 0, 23),
(2458, 'Kushalgarh', 0, 23),
(2459, 'Ladnun', 0, 23),
(2460, 'Ladpura', 0, 23),
(2461, 'Lalsot', 0, 23),
(2462, 'Laxmangarh', 0, 23),
(2463, 'Lunkaransar', 0, 23),
(2464, 'Mahuwa', 0, 23),
(2465, 'Malpura', 0, 23),
(2466, 'Malvi', 0, 23),
(2467, 'Mandal', 0, 23),
(2468, 'Mandalgarh', 0, 23),
(2469, 'Mandawar', 0, 23),
(2470, 'Mangrol', 0, 23),
(2471, 'Marwar-Jn', 0, 23),
(2472, 'Merta', 0, 23),
(2473, 'Nadbai', 0, 23),
(2474, 'Nagaur', 0, 23),
(2475, 'Nainwa', 0, 23),
(2476, 'Nasirabad', 0, 23),
(2477, 'Nathdwara', 0, 23),
(2478, 'Nawa', 0, 23),
(2479, 'Neem \r\n\r\nKa Thana', 0, 23),
(2480, 'Newai', 0, 23),
(2481, 'Nimbahera', 0, 23),
(2482, 'Nohar', 0, 23),
(2483, 'Nokha', 0, 23),
(2484, 'Onli', 0, 23),
(2485, 'Osian', 0, 23),
(2486, 'Pachpadara', 0, 23),
(2487, 'Pachpahar', 0, 23),
(2488, 'Padampur', 0, 23),
(2489, 'Pali', 0, 23),
(2490, 'Parbatsar', 0, 23),
(2491, 'Phagi', 0, 23),
(2492, 'Phalodi', 0, 23),
(2493, 'Pilani', 0, 23),
(2494, 'Pindwara', 0, 23),
(2495, 'Pipalda', 0, 23),
(2496, 'Pirawa', 0, 23),
(2497, 'Pokaran', 0, 23),
(2498, 'Pratapgarh', 0, 23),
(2499, 'Raipur', 0, 23),
(2500, 'Raisinghnagar', 0, 23),
(2501, 'Rajgarh', 0, 23),
(2502, 'Rajsamand', 0, 23),
(2503, 'Ramganj Mandi', 0, 23),
(2504, 'Ramgarh', 0, 23),
(2505, 'Rashmi', 0, 23),
(2506, 'Ratangarh', 0, 23),
(2507, 'Reodar', 0, 23),
(2508, 'Rupbas', 0, 23),
(2509, 'Sadulshahar', 0, 23),
(2510, 'Sagwara', 0, 23),
(2511, 'Sahabad', 0, 23),
(2512, 'Salumber', 0, 23),
(2513, 'Sanchore', 0, 23),
(2514, 'Sangaria', 0, 23),
(2515, 'Sangod', 0, 23),
(2516, 'Sapotra', 0, 23),
(2517, 'Sarada', 0, 23),
(2518, 'Sardarshahar', 0, 23),
(2519, 'Sarwar', 0, 23),
(2520, 'Sawai Madhopur', 0, 23),
(2521, 'Shahapura', 0, 23),
(2522, 'Sheo', 0, 23),
(2523, 'Sheoganj', 0, 23),
(2524, 'Shergarh', 0, 23),
(2525, 'Sikar', 0, 23),
(2526, 'Sirohi', 0, 23),
(2527, 'Siwana', 0, 23),
(2528, 'Sojat', 0, 23),
(2529, 'Sri Dungargarh', 0, 23),
(2530, 'Sri \r\n\r\nGanganagar', 0, 23),
(2531, 'Sri Karanpur', 0, 23),
(2532, 'Sri Madhopur', 0, 23),
(2533, 'Sujangarh', 0, 23),
(2534, 'Taranagar', 0, 23),
(2535, 'Thanaghazi', 0, 23),
(2536, 'Tibbi', 0, 23),
(2537, 'Tijara', 0, 23),
(2538, 'Todaraisingh', 0, 23),
(2539, 'Tonk', 0, 23),
(2540, 'Udaipur', 0, 23),
(2541, 'Udaipurwati', 0, 23),
(2542, 'Uniayara', 0, 23),
(2543, 'Vallabhnagar', 0, 23),
(2544, 'Viratnagar', 0, 23),
(2545, 'Barmiak', 0, 24),
(2546, 'Be', 0, 24),
(2547, 'Bhurtuk', 0, 24),
(2548, 'Chhubakha', 0, 24),
(2549, 'Chidam', 0, 24),
(2550, 'Chubha', 0, 24),
(2551, 'Chumikteng', 0, 24),
(2552, 'Dentam', 0, 24),
(2553, 'Dikchu', 0, 24),
(2554, 'Dzongri', 0, 24),
(2555, 'Gangtok', 0, 24),
(2556, 'Gauzing', 0, 24),
(2557, 'Gyalshing', 0, 24),
(2558, 'Hema', 0, 24),
(2559, 'Kerung', 0, 24),
(2560, 'Lachen', 0, 24),
(2561, 'Lachung', 0, 24),
(2562, 'Lema', 0, 24),
(2563, 'Lingtam', 0, 24),
(2564, 'Lungthu', 0, 24),
(2565, 'Mangan', 0, 24),
(2566, 'Namchi', 0, 24),
(2567, 'Namthang', 0, 24),
(2568, 'Nanga', 0, 24),
(2569, 'Nantang', 0, 24),
(2570, 'Naya \r\n\r\nBazar', 0, 24),
(2571, 'Padamachen', 0, 24),
(2572, 'Pakhyong', 0, 24),
(2573, 'Pemayangtse', 0, 24),
(2574, 'Phensang', 0, 24),
(2575, 'Rangli', 0, 24),
(2576, 'Rinchingpong', 0, 24),
(2577, 'Sakyong', 0, 24),
(2578, 'Samdong', 0, 24),
(2579, 'Singtam', 0, 24),
(2580, 'Siniolchu', 0, 24),
(2581, 'Sombari', 0, 24),
(2582, 'Soreng', 0, 24),
(2583, 'Sosing', 0, 24),
(2584, 'Tekhug', 0, 24),
(2585, 'Temi', 0, 24),
(2586, 'Tsetang', 0, 24),
(2587, 'Tsomgo', 0, 24),
(2588, 'Tumlong', 0, 24),
(2589, 'Yangang', 0, 24),
(2590, 'Yumtang', 0, 24),
(2591, 'Ambasamudram', 0, 25),
(2592, 'Anamali', 0, 25),
(2593, 'Arakandanallur', 0, 25),
(2594, 'Arantangi', 0, 25),
(2595, 'Aravakurichi', 0, 25),
(2596, 'Ariyalur', 0, 25),
(2597, 'Arkonam', 0, 25),
(2598, 'Arni', 0, 25),
(2599, 'Aruppukottai', 0, 25),
(2600, 'Attur', 0, 25),
(2601, 'Avanashi', 0, 25),
(2602, 'Batlagundu', 0, 25),
(2603, 'Bhavani', 0, 25),
(2604, 'Chengalpattu', 0, 25),
(2605, 'Chengam', 0, 25),
(2606, 'Chennai', 0, 25),
(2607, 'Chidambaram', 0, 25),
(2608, 'Chingleput', 0, 25),
(2609, 'Coimbatore', 0, 25),
(2610, 'Courtallam', 0, 25),
(2611, 'Cuddalore', 0, 25),
(2612, 'Cumbum', 0, 25),
(2613, 'Denkanikoitah', 0, 25),
(2614, 'Devakottai', 0, 25),
(2615, 'Dharampuram', 0, 25),
(2616, 'Dharmapuri', 0, 25),
(2617, 'Dindigul', 0, 25),
(2618, 'Erode', 0, 25),
(2619, 'Gingee', 0, 25),
(2620, 'Gobichettipalayam', 0, 25),
(2621, 'Gudalur', 0, 25),
(2622, 'Gudiyatham', 0, 25),
(2623, 'Harur', 0, 25),
(2624, 'Hosur', 0, 25),
(2625, 'Jayamkondan', 0, 25),
(2626, 'Kallkurichi', 0, 25),
(2627, 'Kanchipuram', 0, 25),
(2628, 'Kangayam', 0, 25),
(2629, 'Kanyakumari', 0, 25),
(2630, 'Karaikal', 0, 25),
(2631, 'Karaikudi', 0, 25),
(2632, 'Karur', 0, 25),
(2633, 'Keeranur', 0, 25),
(2634, 'Kodaikanal', 0, 25),
(2635, 'Kodumudi', 0, 25),
(2636, 'Kotagiri', 0, 25),
(2637, 'Kovilpatti', 0, 25),
(2638, 'Krishnagiri', 0, 25),
(2639, 'Kulithalai', 0, 25),
(2640, 'Kumbakonam', 0, 25),
(2641, 'Kuzhithurai', 0, 25),
(2642, 'Madurai', 0, 25),
(2643, 'Madurantgam', 0, 25),
(2644, 'Manamadurai', 0, 25),
(2645, 'Manaparai', 0, 25),
(2646, 'Mannargudi', 0, 25),
(2647, 'Mayiladuthurai', 0, 25),
(2648, 'Mayiladutjurai', 0, 25),
(2649, 'Mettupalayam', 0, 25),
(2650, 'Metturdam', 0, 25),
(2651, 'Mudukulathur', 0, 25),
(2652, 'Mulanur', 0, 25),
(2653, 'Musiri', 0, 25),
(2654, 'Nagapattinam', 0, 25),
(2655, 'Nagarcoil', 0, 25),
(2656, 'Namakkal', 0, 25),
(2657, 'Nanguneri', 0, 25),
(2658, 'Natham', 0, 25),
(2659, 'Neyveli', 0, 25),
(2660, 'Nilgiris', 0, 25),
(2661, 'Oddanchatram', 0, 25),
(2662, 'Omalpur', 0, 25),
(2663, 'Ootacamund', 0, 25),
(2664, 'Ooty', 0, 25),
(2665, 'Orathanad', 0, 25),
(2666, 'Palacode', 0, 25),
(2667, 'Palani', 0, 25),
(2668, 'Palladum', 0, 25),
(2669, 'Papanasam', 0, 25),
(2670, 'Paramakudi', 0, 25),
(2671, 'Pattukottai', 0, 25),
(2672, 'Perambalur', 0, 25),
(2673, 'Perundurai', 0, 25),
(2674, 'Pollachi', 0, 25),
(2675, 'Polur', 0, 25),
(2676, 'Pondicherry', 0, 25),
(2677, 'Ponnamaravathi', 0, 25),
(2678, 'Ponneri', 0, 25),
(2679, 'Pudukkottai', 0, 25),
(2680, 'Rajapalayam', 0, 25),
(2681, 'Ramanathapuram', 0, 25),
(2682, 'Rameshwaram', 0, 25),
(2683, 'Ranipet', 0, 25),
(2684, 'Rasipuram', 0, 25),
(2685, 'Salem', 0, 25),
(2686, 'Sankagiri', 0, 25),
(2687, 'Sankaran', 0, 25),
(2688, 'Sathiyamangalam', 0, 25),
(2689, 'Sivaganga', 0, 25),
(2690, 'Sivakasi', 0, 25),
(2691, 'Sriperumpudur', 0, 25),
(2692, 'Srivaikundam', 0, 25),
(2693, 'Tenkasi', 0, 25),
(2694, 'Thanjavur', 0, 25),
(2695, 'Theni', 0, 25),
(2696, 'Thirumanglam', 0, 25),
(2697, 'Thiruraipoondi', 0, 25),
(2698, 'Thoothukudi', 0, 25),
(2699, 'Thuraiyure', 0, 25),
(2700, 'Tindivanam', 0, 25),
(2701, 'Tiruchendur', 0, 25),
(2702, 'Tiruchengode', 0, 25),
(2703, 'Tiruchirappalli', 0, 25),
(2704, 'Tirunelvelli', 0, 25),
(2705, 'Tirupathur', 0, 25),
(2706, 'Tirupur', 0, 25),
(2707, 'Tiruttani', 0, 25),
(2708, 'Tiruvallur', 0, 25),
(2709, 'Tiruvannamalai', 0, 25),
(2710, 'Tiruvarur', 0, 25),
(2711, 'Tiruvellore', 0, 25),
(2712, 'Tiruvettipuram', 0, 25),
(2713, 'Trichy', 0, 25),
(2714, 'Tuticorin', 0, 25),
(2715, 'Udumalpet', 0, 25),
(2716, 'Ulundurpet', 0, 25),
(2717, 'Usiliampatti', 0, 25),
(2718, 'Uthangarai', 0, 25),
(2719, 'Valapady', 0, 25),
(2720, 'Valliyoor', 0, 25),
(2721, 'Vaniyambadi', 0, 25),
(2722, 'Vedasandur', 0, 25),
(2723, 'Vellore', 0, 25),
(2724, 'Velur', 0, 25),
(2725, 'Vilathikulam', 0, 25),
(2726, 'Villupuram', 0, 25),
(2727, 'Virudhachalam', 0, 25),
(2728, 'Virudhunagar', 0, 25),
(2729, 'Wandiwash', 0, 25),
(2730, 'Yercaud', 0, 25),
(2731, 'Agartala', 0, 26),
(2732, 'Ambasa', 0, 26),
(2733, 'Bampurbari', 0, 26),
(2734, 'Belonia', 0, 26),
(2735, 'Dhalai', 0, 26),
(2736, 'Dharam Nagar', 0, 26),
(2737, 'Kailashahar', 0, 26),
(2738, 'Kamal Krishnabari', 0, 26),
(2739, 'Khopaiyapara', 0, 26),
(2740, 'Khowai', 0, 26),
(2741, 'Phuldungsei', 0, 26),
(2742, 'Radha Kishore Pur', 0, 26),
(2743, 'Tripura', 0, 26),
(2744, 'Almora', 0, 27),
(2745, 'Bageshwar', 0, 27),
(2746, 'Bhatwari', 0, 27),
(2747, 'Chakrata', 0, 27),
(2748, 'Chamoli', 0, 27),
(2749, 'Champawat', 0, 27),
(2750, 'Dehradun', 0, 27),
(2751, 'Deoprayag', 0, 27),
(2752, 'Dharchula', 0, 27),
(2753, 'Dunda', 0, 27),
(2754, 'Haldwani', 0, 27),
(2755, 'Haridwar', 0, 27),
(2756, 'Joshimath', 0, 27),
(2757, 'Karan Prayag', 0, 27),
(2758, 'Kashipur', 0, 27),
(2759, 'Khatima', 0, 27),
(2760, 'Kichha', 0, 27),
(2761, 'Lansdown', 0, 27),
(2762, 'Munsiari', 0, 27),
(2763, 'Mussoorie', 0, 27),
(2764, 'Nainital', 0, 27),
(2765, 'Pantnagar', 0, 27),
(2766, 'Partapnagar', 0, 27),
(2767, 'Pauri \r\n\r\nGarhwal', 0, 27),
(2768, 'Pithoragarh', 0, 27),
(2769, 'Purola', 0, 27),
(2770, 'Rajgarh', 0, 27),
(2771, 'Ranikhet', 0, 27),
(2772, 'Roorkee', 0, 27),
(2773, 'Rudraprayag', 0, 27),
(2774, 'Tehri \r\n\r\nGarhwal', 0, 27),
(2775, 'Udham Singh Nagar', 0, 27),
(2776, 'Ukhimath', 0, 27),
(2777, 'Uttarkashi', 0, 27),
(2778, 'Achhnera', 0, 28),
(2779, 'Agra', 0, 28),
(2780, 'Akbarpur', 0, 28),
(2781, 'Aliganj', 0, 28),
(2782, 'Aligarh', 0, 28),
(2783, 'Allahabad', 0, 28),
(2784, 'Ambedkar Nagar', 0, 28),
(2785, 'Amethi', 0, 28),
(2786, 'Amiliya', 0, 28),
(2787, 'Amroha', 0, 28),
(2788, 'Anola', 0, 28),
(2789, 'Atrauli', 0, 28),
(2790, 'Auraiya', 0, 28),
(2791, 'Azamgarh', 0, 28),
(2792, 'Baberu', 0, 28),
(2793, 'Badaun', 0, 28),
(2794, 'Baghpat', 0, 28),
(2795, 'Bagpat', 0, 28),
(2796, 'Baheri', 0, 28),
(2797, 'Bahraich', 0, 28),
(2798, 'Ballia', 0, 28),
(2799, 'Balrampur', 0, 28),
(2800, 'Banda', 0, 28),
(2801, 'Bansdeeh', 0, 28),
(2802, 'Bansgaon', 0, 28),
(2803, 'Bansi', 0, 28),
(2804, 'Barabanki', 0, 28),
(2805, 'Bareilly', 0, 28),
(2806, 'Basti', 0, 28),
(2807, 'Bhadohi', 0, 28),
(2808, 'Bharthana', 0, 28),
(2809, 'Bharwari', 0, 28),
(2810, 'Bhogaon', 0, 28),
(2811, 'Bhognipur', 0, 28),
(2812, 'Bidhuna', 0, 28),
(2813, 'Bijnore', 0, 28),
(2814, 'Bikapur', 0, 28),
(2815, 'Bilari', 0, 28),
(2816, 'Bilgram', 0, 28),
(2817, 'Bilhaur', 0, 28),
(2818, 'Bindki', 0, 28),
(2819, 'Bisalpur', 0, 28),
(2820, 'Bisauli', 0, 28),
(2821, 'Biswan', 0, 28),
(2822, 'Budaun', 0, 28),
(2823, 'Budhana', 0, 28),
(2824, 'Bulandshahar', 0, 28),
(2825, 'Bulandshahr', 0, 28),
(2826, 'Capianganj', 0, 28),
(2827, 'Chakia', 0, 28),
(2828, 'Chandauli', 0, 28),
(2829, 'Charkhari', 0, 28),
(2830, 'Chhata', 0, 28),
(2831, 'Chhibramau', 0, 28),
(2832, 'Chirgaon', 0, 28),
(2833, 'Chitrakoot', 0, 28),
(2834, 'Chunur', 0, 28),
(2835, 'Dadri', 0, 28),
(2836, 'Dalmau', 0, 28),
(2837, 'Dataganj', 0, 28),
(2838, 'Debai', 0, 28),
(2839, 'Deoband', 0, 28),
(2840, 'Deoria', 0, 28),
(2841, 'Derapur', 0, 28),
(2842, 'Dhampur', 0, 28),
(2843, 'Domariyaganj', 0, 28),
(2844, 'Dudhi', 0, 28),
(2845, 'Etah', 0, 28),
(2846, 'Etawah', 0, 28),
(2847, 'Faizabad', 0, 28),
(2848, 'Farrukhabad', 0, 28),
(2849, 'Fatehpur', 0, 28),
(2850, 'Firozabad', 0, 28),
(2851, 'Garauth', 0, 28),
(2852, 'Garhmukteshwar', 0, 28),
(2853, 'Gautam Buddha \r\n\r\nNagar', 0, 28),
(2854, 'Ghatampur', 0, 28),
(2855, 'Ghaziabad', 0, 28),
(2856, 'Ghazipur', 0, 28),
(2857, 'Ghosi', 0, 28),
(2858, 'Gonda', 0, 28),
(2859, 'Gorakhpur', 0, 28),
(2860, 'Gunnaur', 0, 28),
(2861, 'Haidergarh', 0, 28),
(2862, 'Hamirpur', 0, 28),
(2863, 'Hapur', 0, 28),
(2864, 'Hardoi', 0, 28),
(2865, 'Harraiya', 0, 28),
(2866, 'Hasanganj', 0, 28),
(2867, 'Hasanpur', 0, 28),
(2868, 'Hathras', 0, 28),
(2869, 'Jalalabad', 0, 28),
(2870, 'Jalaun', 0, 28),
(2871, 'Jalesar', 0, 28),
(2872, 'Jansath', 0, 28),
(2873, 'Jarar', 0, 28),
(2874, 'Jasrana', 0, 28),
(2875, 'Jaunpur', 0, 28),
(2876, 'Jhansi', 0, 28),
(2877, 'Jyotiba \r\n\r\nPhule Nagar', 0, 28),
(2878, 'Kadipur', 0, 28),
(2879, 'Kaimganj', 0, 28),
(2880, 'Kairana', 0, 28),
(2881, 'Kaisarganj', 0, 28),
(2882, 'Kalpi', 0, 28),
(2883, 'Kannauj', 0, 28),
(2884, 'Kanpur', 0, 28),
(2885, 'Karchhana', 0, 28),
(2886, 'Karhal', 0, 28),
(2887, 'Karvi', 0, 28),
(2888, 'Kasganj', 0, 28),
(2889, 'Kaushambi', 0, 28),
(2890, 'Kerakat', 0, 28),
(2891, 'Khaga', 0, 28),
(2892, 'Khair', 0, 28),
(2893, 'Khalilabad', 0, 28),
(2894, 'Kheri', 0, 28),
(2895, 'Konch', 0, 28),
(2896, 'Kumaon', 0, 28),
(2897, 'Kunda', 0, 28),
(2898, 'Kushinagar', 0, 28),
(2899, 'Lalganj', 0, 28),
(2900, 'Lalitpur', 0, 28),
(2901, 'Lucknow', 0, 28),
(2902, 'Machlishahar', 0, 28),
(2903, 'Maharajganj', 0, 28),
(2904, 'Mahoba', 0, 28),
(2905, 'Mainpuri', 0, 28),
(2906, 'Malihabad', 0, 28),
(2907, 'Mariyahu', 0, 28),
(2908, 'Math', 0, 28),
(2909, 'Mathura', 0, 28),
(2910, 'Mau', 0, 28),
(2911, 'Maudaha', 0, 28),
(2912, 'Maunathbhanjan', 0, 28),
(2913, 'Mauranipur', 0, 28),
(2914, 'Mawana', 0, 28),
(2915, 'Meerut', 0, 28),
(2916, 'Mehraun', 0, 28),
(2917, 'Meja', 0, 28),
(2918, 'Mirzapur', 0, 28),
(2919, 'Misrikh', 0, 28),
(2920, 'Modinagar', 0, 28),
(2921, 'Mohamdabad', 0, 28),
(2922, 'Mohamdi', 0, 28),
(2923, 'Moradabad', 0, 28),
(2924, 'Musafirkhana', 0, 28),
(2925, 'Muzaffarnagar', 0, 28),
(2926, 'Nagina', 0, 28),
(2927, 'Najibabad', 0, 28),
(2928, 'Nakur', 0, 28),
(2929, 'Nanpara', 0, 28),
(2930, 'Naraini', 0, 28),
(2931, 'Naugarh', 0, 28),
(2932, 'Nawabganj', 0, 28),
(2933, 'Nighasan', 0, 28),
(2934, 'Noida', 0, 28),
(2935, 'Orai', 0, 28),
(2936, 'Padrauna', 0, 28),
(2937, 'Pahasu', 0, 28),
(2938, 'Patti', 0, 28),
(2939, 'Pharenda', 0, 28),
(2940, 'Phoolpur', 0, 28),
(2941, 'Phulpur', 0, 28),
(2942, 'Pilibhit', 0, 28),
(2943, 'Pitamberpur', 0, 28),
(2944, 'Powayan', 0, 28),
(2945, 'Pratapgarh', 0, 28),
(2946, 'Puranpur', 0, 28),
(2947, 'Purwa', 0, 28),
(2948, 'Raibareli', 0, 28),
(2949, 'Rampur', 0, 28),
(2950, 'Ramsanehi Ghat', 0, 28),
(2951, 'Rasara', 0, 28),
(2952, 'Rath', 0, 28),
(2953, 'Robertsganj', 0, 28),
(2954, 'Sadabad', 0, 28),
(2955, 'Safipur', 0, 28),
(2956, 'Sagri', 0, 28),
(2957, 'Saharanpur', 0, 28),
(2958, 'Sahaswan', 0, 28),
(2959, 'Sahjahanpur', 0, 28),
(2960, 'Saidpur', 0, 28),
(2961, 'Salempur', 0, 28),
(2962, 'Salon', 0, 28),
(2963, 'Sambhal', 0, 28),
(2964, 'Sandila', 0, 28),
(2965, 'Sant \r\n\r\nKabir Nagar', 0, 28),
(2966, 'Sant Ravidas Nagar', 0, 28),
(2967, 'Sardhana', 0, 28),
(2968, 'Shahabad', 0, 28),
(2969, 'Shahganj', 0, 28),
(2970, 'Shahjahanpur', 0, 28),
(2971, 'Shikohabad', 0, 28),
(2972, 'Shravasti', 0, 28),
(2973, 'Siddharthnagar', 0, 28),
(2974, 'Sidhauli', 0, 28),
(2975, 'Sikandra \r\n\r\nRao', 0, 28),
(2976, 'Sikandrabad', 0, 28),
(2977, 'Sitapur', 0, 28),
(2978, 'Siyana', 0, 28),
(2979, 'Sonbhadra', 0, 28),
(2980, 'Soraon', 0, 28),
(2981, 'Sultanpur', 0, 28),
(2982, 'Tanda', 0, 28),
(2983, 'Tarabganj', 0, 28),
(2984, 'Tilhar', 0, 28),
(2985, 'Unnao', 0, 28),
(2986, 'Utraula', 0, 28),
(2987, 'Varanasi', 0, 28),
(2988, 'Zamania', 0, 28),
(2989, 'Adra', 0, 29),
(2990, 'Alipurduar', 0, 29),
(2991, 'Amlagora', 0, 29),
(2992, 'Arambagh', 0, 29),
(2993, 'Asansol', 0, 29),
(2994, 'Balurghat', 0, 29),
(2995, 'Bankura', 0, 29),
(2996, 'Bardhaman', 0, 29),
(2997, 'Basirhat', 0, 29),
(2998, 'Berhampur', 0, 29),
(2999, 'Bethuadahari', 0, 29),
(3000, 'Birbhum', 0, 29),
(3001, 'Birpara', 0, 29),
(3002, 'Bishanpur', 0, 29),
(3003, 'Bolpur', 0, 29),
(3004, 'Bongoan', 0, 29),
(3005, 'Bulbulchandi', 0, 29),
(3006, 'Burdwan', 0, 29),
(3007, 'Calcutta', 0, 29),
(3008, 'Canning', 0, 29),
(3009, 'Champadanga', 0, 29),
(3010, 'Contai', 0, 29),
(3011, 'Cooch Behar', 0, 29),
(3012, 'Daimond Harbour', 0, 29),
(3013, 'Dalkhola', 0, 29),
(3014, 'Dantan', 0, 29),
(3015, 'Darjeeling', 0, 29),
(3016, 'Dhaniakhali', 0, 29),
(3017, 'Dhuliyan', 0, 29),
(3018, 'Dinajpur', 0, 29),
(3019, 'Dinhata', 0, 29),
(3020, 'Durgapur', 0, 29),
(3021, 'Gangajalghati', 0, 29),
(3022, 'Gangarampur', 0, 29),
(3023, 'Ghatal', 0, 29),
(3024, 'Guskara', 0, 29),
(3025, 'Habra', 0, 29),
(3026, 'Haldia', 0, 29),
(3027, 'Harirampur', 0, 29),
(3028, 'Harishchandrapur', 0, 29),
(3029, 'Hooghly', 0, 29),
(3030, 'Howrah', 0, 29),
(3031, 'Islampur', 0, 29),
(3032, 'Jagatballavpur', 0, 29),
(3033, 'Jalpaiguri', 0, 29),
(3034, 'Jhalda', 0, 29),
(3035, 'Jhargram', 0, 29),
(3036, 'Kakdwip', 0, 29),
(3037, 'Kalchini', 0, 29),
(3038, 'Kalimpong', 0, 29),
(3039, 'Kalna', 0, 29),
(3040, 'Kandi', 0, 29),
(3041, 'Karimpur', 0, 29),
(3042, 'Katwa', 0, 29),
(3043, 'Kharagpur', 0, 29),
(3044, 'Khatra', 0, 29),
(3045, 'Krishnanagar', 0, 29),
(3046, 'Mal Bazar', 0, 29),
(3047, 'Malda', 0, 29),
(3048, 'Manbazar', 0, 29),
(3049, 'Mathabhanga', 0, 29),
(3050, 'Medinipur', 0, 29),
(3051, 'Mekhliganj', 0, 29),
(3052, 'Mirzapur', 0, 29),
(3053, 'Murshidabad', 0, 29),
(3054, 'Nadia', 0, 29),
(3055, 'Nagarakata', 0, 29),
(3056, 'Nalhati', 0, 29),
(3057, 'Nayagarh', 0, 29),
(3058, 'Parganas', 0, 29),
(3059, 'Purulia', 0, 29),
(3060, 'Raiganj', 0, 29),
(3061, 'Rampur Hat', 0, 29),
(3062, 'Ranaghat', 0, 29),
(3063, 'Seharabazar', 0, 29),
(3064, 'Siliguri', 0, 29),
(3065, 'Suri', 0, 29),
(3066, 'Takipur', 0, 29),
(3067, 'Tamluk', 0, 29),
(3069, 'Delhi', 0, 30),
(3073, 'North East \r\n\r\nDelhi', 0, 30),
(3079, 'Gidderwaha', 0, 22),
(3141, 'Kharar', 0, 22),
(3142, 'Nihal Singh Wala', 0, 22),
(3143, 'Maur', 0, 22),
(3144, 'Mullapur', 0, 22),
(3145, 'Telangana', 0, 32),
(3146, 'SYDNEY', 0, 85),
(3147, 'NEWCASTLE-MAITLAND', 0, 85),
(3148, 'CANBERRA-QUEANBEYAN', 0, 85),
(3149, 'WOLLONGONG', 0, 85),
(3150, 'MELBOURNE', 0, 86),
(3151, 'GEELONG', 0, 86),
(3152, 'BALLARAT', 0, 86),
(3153, 'BENDIGO', 0, 86),
(3154, 'BRISBANE', 0, 87),
(3155, 'SUNSHINE COAST', 0, 87),
(3156, 'TOOWOOMBA', 0, 87),
(3157, 'TOWNSVILLE', 0, 87),
(3158, 'CAIRNS ', 0, 87),
(3159, 'PERTH ', 0, 88),
(3160, 'ADELAIDE', 0, 89),
(3161, 'HOBART', 0, 90),
(3162, 'LAUNCESTON', 0, 90),
(3163, 'GOLD COAST-TWEED HEADS', 0, 91),
(3164, 'DARWIN', 0, 92),
(3165, 'Derby', 0, 93),
(3166, 'Leicester', 0, 93),
(3167, 'Lincoln', 0, 93),
(3168, 'Nottingham', 0, 93),
(3169, 'Cambridge', 0, 94),
(3170, 'Chelmsford', 0, 94),
(3171, 'Ely', 0, 94),
(3172, 'Norwich', 0, 94),
(3173, 'Peterborough', 0, 94),
(3174, 'St Albans', 0, 94),
(3175, 'City of \r\n\r\nLondon', 0, 95),
(3176, 'City of Westminster', 0, 95),
(3177, 'Durham', 0, 96),
(3178, 'Newcastle upon \r\n\r\nTyne', 0, 96),
(3179, 'Sunderland', 0, 96),
(3180, 'Carlisle', 0, 97),
(3181, 'Chester', 0, 97),
(3182, 'Lancaster', 0, 97),
(3183, 'Liverpool', 0, 97),
(3184, 'Manchester', 0, 97),
(3185, 'Preston', 0, 97),
(3186, 'Salfor', 0, 97),
(3187, 'Brighton & Hove', 0, 98),
(3188, 'CHICHESTER', 0, 98),
(3189, 'OXFORD', 0, 98),
(3190, 'PORTSMOUTH', 0, 98),
(3191, 'SOUTHAMPTON', 0, 98),
(3192, 'WINCHESTER', 0, 98),
(3193, 'BATH', 0, 99),
(3194, 'BRISTOL', 0, 99),
(3195, 'EXETER', 0, 99),
(3196, 'GLOUCESTER', 0, 99),
(3197, 'SALISBURY', 0, 99),
(3198, 'PLYMOUTH', 0, 99),
(3199, 'TRURO', 0, 99),
(3200, 'WELLS', 0, 99),
(3201, 'BIRMINGHAM', 0, 100),
(3202, 'COVENTRY', 0, 100),
(3203, 'HEREFORD', 0, 100),
(3204, 'LICHFIELD', 0, 100),
(3205, 'STOKE-ON-\r\n\r\nTRENT', 0, 100),
(3206, 'WOLVERHAMPTON', 0, 100),
(3207, 'WORCESTER', 0, 100),
(3208, 'BRADFORD', 0, 101),
(3209, 'KINGSTON UPON HULL', 0, 101),
(3210, 'LEEDS', 0, 101),
(3211, 'RIPON', 0, 101),
(3212, 'SHEFFIELD', 0, 101),
(3213, 'WAKEFIELD', 0, 101),
(3214, 'YORK', 0, 101),
(3215, 'ARMAGH', 0, 102),
(3216, 'BELFAST', 0, 102),
(3217, 'LISBURN', 0, 102),
(3218, 'NEWRY', 0, 102),
(3219, 'ABERDEEN', 0, 103),
(3220, 'DUNDEE', 0, 103),
(3221, 'GLASGOW', 0, 103),
(3222, 'EDINBURG', 0, 103),
(3223, 'Inverness', 0, 103),
(3224, 'PERTH ', 0, 103),
(3225, 'BANGOR', 0, 104),
(3226, 'CARDIFF', 0, 104),
(3227, 'NEWPORT', 0, 104),
(3228, 'ST \r\n\r\nASAPH', 0, 104),
(3229, 'ST DAVIDS', 0, 104),
(3230, 'SWANSEA', 0, 104),
(3231, 'TORONTO', 0, 105),
(3232, 'HAMILTON', 0, 105),
(3233, 'KITCHENER-CAMBRIDGE-WATERLOO', 0, 105),
(3234, 'LONDON', 0, 105),
(3235, 'ST. CATHARINES-NIAGARA', 0, 105),
(3236, 'OSHAWA', 0, 105),
(3237, 'WINDSOR', 0, 105),
(3238, 'MONTREAL', 0, 106),
(3239, 'QUEBEC', 0, 106),
(3240, 'SHERBROOKE', 0, 106),
(3241, 'VANCOUVER', 0, 107),
(3242, 'VICTORIA', 0, 107),
(3243, 'CALGARY', 0, 108),
(3244, 'EDMONTON', 0, 108),
(3245, 'WINNIPEG', 0, 109),
(3246, 'HALIFAX', 0, 110),
(3247, 'REGINA', 0, 111),
(3248, 'SASKATOON', 0, 111),
(3249, 'OTTAWA-\r\n\r\nGATINEAU', 0, 112),
(3250, 'ST. JOHN\'S', 0, 113),
(3251, 'New York City', 0, 114),
(3252, 'Philadelphia', 0, 114),
(3253, 'Boston', 0, 114),
(3254, 'Chicago', 0, 115),
(3255, 'Detroit', 0, 115),
(3256, 'Minneapolis?St. Paul', 0, 115),
(3257, 'Dallas?Fort Worth', 0, 116),
(3258, 'Houston', 0, 116),
(3259, 'Washington, D.C.', 0, 116),
(3260, 'Miami', 0, 116),
(3261, 'Atlanta', 0, 116),
(3262, 'Tampa?St. \r\n\r\nPetersburg', 0, 116),
(3263, 'Baltimore', 0, 116),
(3264, 'Los Angeles', 0, 117),
(3265, 'Phoenix', 0, 117),
(3266, 'San Francisco', 0, 117),
(3267, 'Riverside?San Bernardino', 0, 117),
(3268, 'Seattle', 0, 117),
(3269, 'San Diego', 0, 117),
(3270, 'Denver', 0, 117),
(3271, 'Auckland', 0, 118),
(3272, 'Pukekohe', 0, 118),
(3273, 'Tauranga', 0, 119),
(3274, 'Rotorua', 0, 119),
(3275, 'Christchurch', 0, 120),
(3276, 'Timaru', 0, 120),
(3277, 'Gisborne', 0, 121),
(3278, 'Napier-Hastings', 0, 122),
(3279, 'Palmerston North', 0, 123),
(3280, 'Whanganui', 0, 123),
(3281, 'Blenheim', 0, 124),
(3282, 'Nelson', 0, 125),
(3283, 'Whangarei', 0, 126),
(3284, 'Dunedin', 0, 127),
(3285, 'Invercargill', 0, 128),
(3286, 'New Plymouth', 0, 129),
(3287, 'Hamilton', 0, 130),
(3288, 'Taupo', 0, 130),
(3289, 'Wellington', 0, 131),
(3290, 'Badhni Kalan', 0, 22);

-- --------------------------------------------------------

--
-- Table structure for table `country_detail`
--

CREATE TABLE `country_detail` (
  `country_id` int(11) NOT NULL,
  `country_name` varchar(100) NOT NULL
) ENGINE=InnoDB DEFAULT CHARSET=latin1;

--
-- Dumping data for table `country_detail`
--

INSERT INTO `country_detail` (`country_id`, `country_name`) VALUES
(1, 'India'),
(2, 'AUSTRALIA'),
(3, 'CANANDA'),
(4, 'France'),
(5, 'Germany'),
(6, 'Iceland'),
(7, 'Iron'),
(8, 'Italy'),
(9, 'Jamaica'),
(10, 'Japan'),
(11, 'Mexico'),
(12, 'Nepal'),
(13, 'NEW ZEALAND'),
(14, 'Norway'),
(15, 'Russian Federation'),
(16, 'South Africa'),
(17, 'Spain'),
(18, 'Sri Lanka'),
(19, 'Switzerland'),
(20, 'Thailand'),
(21, 'UNITED KINGDOM'),
(22, 'USA'),
(23, 'Brazil'),
(24, 'Soudi Arabia'),
(25, 'Sudan'),
(26, 'Sweden'),
(27, 'Argentina'),
(28, 'China'),
(29, 'Dublin'),
(30, 'Ethiopia'),
(31, 'Finland'),
(32, 'Greenland(Denmark)'),
(33, 'Indonesia'),
(34, 'Mali'),
(35, 'Malaysia'),
(36, 'Portugal'),
(37, 'Egypt');

-- --------------------------------------------------------

--
-- Table structure for table `message_detail`
--

CREATE TABLE `message_detail` (
  `msg_id` int(11) NOT NULL,
  `msg_user_name` varchar(200) NOT NULL,
  `msg_user_email` varchar(100) NOT NULL,
  `msg_user_enquiry` varchar(500) NOT NULL,
  `msg_status` varchar(10) NOT NULL DEFAULT 'unread'
) ENGINE=InnoDB DEFAULT CHARSET=latin1;

-- --------------------------------------------------------

--
-- Table structure for table `plan_detail`
--

CREATE TABLE `plan_detail` (
  `plan_id` int(11) NOT NULL,
  `plan_name` varchar(20) NOT NULL,
  `plan_price` int(11) NOT NULL,
  `plan_validity` int(11) NOT NULL,
  `plan_validity_type` varchar(20) NOT NULL
) ENGINE=InnoDB DEFAULT CHARSET=latin1;

--
-- Dumping data for table `plan_detail`
--

INSERT INTO `plan_detail` (`plan_id`, `plan_name`, `plan_price`, `plan_validity`, `plan_validity_type`) VALUES
(1, 'SILVER', 500, 3, 'MONTH'),
(2, 'GOLD', 1000, 6, 'MONTH'),
(3, 'DIAMOND', 2000, 12, 'MONTH');

-- --------------------------------------------------------

--
-- Table structure for table `product_detail`
--

CREATE TABLE `product_detail` (
  `pro_id` int(11) NOT NULL,
  `pro_name` varchar(200) NOT NULL,
  `pro_image` varchar(500) NOT NULL,
  `pro_type` enum('New','Old','Refurbished','') NOT NULL,
  `pro_level` varchar(100) NOT NULL,
  `pro_desc` varchar(1000) NOT NULL,
  `pro_cat_subcat` varchar(10) NOT NULL,
  `pro_cat_id` int(11) NOT NULL DEFAULT '0',
  `pro_main_cat` int(11) NOT NULL DEFAULT '0',
  `pro_user_type` varchar(100) NOT NULL,
  `pro_city_id` int(11) NOT NULL DEFAULT '0',
  `pro_user_id` int(11) NOT NULL DEFAULT '0'
) ENGINE=InnoDB DEFAULT CHARSET=latin1;

-- --------------------------------------------------------

--
-- Table structure for table `product_image`
--

CREATE TABLE `product_image` (
  `pimg_id` int(11) NOT NULL,
  `pimg_name` varchar(500) NOT NULL,
  `pimg_pro_id` int(11) NOT NULL DEFAULT '0',
  `pimg_user_id` int(11) NOT NULL DEFAULT '0'
) ENGINE=InnoDB DEFAULT CHARSET=latin1;

-- --------------------------------------------------------

--
-- Stand-in structure for view `product_profile`
-- (See below for the actual view)
--
CREATE TABLE `product_profile` (
`vpro_id` int(11)
,`vpro_name` varchar(200)
,`vpro_image` varchar(500)
,`vpro_type` enum('New','Old','Refurbished','')
,`vpro_desc` varchar(1000)
,`vpro_level` varchar(100)
,`vpro_cat_subcat` varchar(10)
,`vpro_cat_id` int(11)
,`vpro_main_cat` int(11)
,`vpro_city_id` int(11)
,`vpro_user_id` int(11)
,`vps_spec_name` varchar(200)
,`vps_spec_value` varchar(200)
,`vps_spec_type` varchar(5)
,`vps_spec_id` int(11)
,`vpd_user_type` varchar(20)
,`vpd_user_status` varchar(20)
,`vpd_user_plan_id` int(11)
);

-- --------------------------------------------------------

--
-- Table structure for table `product_spec`
--

CREATE TABLE `product_spec` (
  `ps_id` int(11) NOT NULL,
  `ps_spec_name` varchar(200) NOT NULL,
  `ps_spec_value` varchar(200) NOT NULL,
  `ps_spec_type` varchar(5) NOT NULL,
  `ps_spec_id` int(11) NOT NULL DEFAULT '0',
  `ps_pro_id` int(11) DEFAULT '0'
) ENGINE=InnoDB DEFAULT CHARSET=latin1;

-- --------------------------------------------------------

--
-- Table structure for table `profile_detail`
--

CREATE TABLE `profile_detail` (
  `pd_id` int(11) NOT NULL,
  `pd_fname` varchar(200) NOT NULL,
  `pd_lname` varchar(200) NOT NULL,
  `pd_image` varchar(200) NOT NULL DEFAULT 'temp.jpg',
  `pd_shop_name` varchar(200) NOT NULL,
  `pd_shop_address` varchar(500) NOT NULL,
  `pd_shop_mobile` char(10) NOT NULL,
  `pd_address` varchar(500) NOT NULL,
  `pd_aadhar` char(12) NOT NULL,
  `pd_licence` varchar(100) NOT NULL,
  `pd_banner` varchar(500) NOT NULL DEFAULT 'banner.jpg',
  `pd_city` int(11) NOT NULL DEFAULT '0',
  `pd_user_id` int(11) NOT NULL DEFAULT '0',
  `pd_regi_id` int(11) NOT NULL DEFAULT '0'
) ENGINE=InnoDB DEFAULT CHARSET=latin1;

-- --------------------------------------------------------

--
-- Table structure for table `request_detail`
--

CREATE TABLE `request_detail` (
  `req_id` int(11) NOT NULL,
  `req_name` varchar(200) NOT NULL,
  `req_email` varchar(200) NOT NULL,
  `req_mobile` char(10) NOT NULL,
  `req_status` varchar(50) NOT NULL DEFAULT 'Pending',
  `req_image` varchar(200) NOT NULL,
  `req_user_id` int(11) NOT NULL DEFAULT '0'
) ENGINE=InnoDB DEFAULT CHARSET=latin1;

-- --------------------------------------------------------

--
-- Table structure for table `slider`
--

CREATE TABLE `slider` (
  `slider_id` int(11) NOT NULL,
  `slider_type` varchar(50) NOT NULL DEFAULT 'Best Seller',
  `slider_title` varchar(300) NOT NULL,
  `slider_level` varchar(50) NOT NULL,
  `slider_cat_subcat` varchar(20) NOT NULL,
  `slider_main_cat` int(11) NOT NULL DEFAULT '0',
  `slider_subcat_id` int(11) NOT NULL DEFAULT '0',
  `slider_cat_id` int(11) NOT NULL DEFAULT '0',
  `slider_user_id` int(11) NOT NULL DEFAULT '0'
) ENGINE=InnoDB DEFAULT CHARSET=latin1;

-- --------------------------------------------------------

--
-- Stand-in structure for view `slider_view`
-- (See below for the actual view)
--
CREATE TABLE `slider_view` (
`vbd_id` int(11)
,`vbd_name` varchar(100)
,`vsubcat_id` int(11)
,`vsubcat_name` varchar(100)
,`vcat_id` int(11)
,`vcat_name` varchar(200)
);

-- --------------------------------------------------------

--
-- Table structure for table `specification_detail`
--

CREATE TABLE `specification_detail` (
  `spec_id` int(11) NOT NULL,
  `spec_name` varchar(200) NOT NULL,
  `spec_optional` tinyint(1) NOT NULL DEFAULT '1',
  `spec_values` varchar(1000) NOT NULL,
  `spec_filter` varchar(10) NOT NULL DEFAULT '',
  `spec_level` varchar(50) NOT NULL,
  `spec_cat_id` int(11) NOT NULL DEFAULT '0',
  `spec_main_cat` int(11) NOT NULL DEFAULT '0'
) ENGINE=InnoDB DEFAULT CHARSET=latin1;

-- --------------------------------------------------------

--
-- Table structure for table `state_detail`
--

CREATE TABLE `state_detail` (
  `state_id` int(11) NOT NULL,
  `state_name` varchar(100) NOT NULL,
  `state_country_id` int(11) NOT NULL
) ENGINE=InnoDB DEFAULT CHARSET=latin1;

--
-- Dumping data for table `state_detail`
--

INSERT INTO `state_detail` (`state_id`, `state_name`, `state_country_id`) VALUES
(1, 'Andhra Pradesh', 1),
(2, 'Arunachal Pradesh', 1),
(3, 'Assam', 1),
(4, 'Bihar', 1),
(5, 'Chhattisgarh', 1),
(6, 'Daman and Diu', 1),
(7, 'Goa', 1),
(8, 'Gujarat', 1),
(9, 'Haryana', 1),
(10, 'Himachal Pradesh', 1),
(11, 'Jammu and Kashmir', 1),
(12, 'Jharkhand', 1),
(13, 'Karnataka', 1),
(14, 'Kerala', 1),
(15, 'Madhya Pradesh', 1),
(16, 'Maharashtra', 1),
(17, 'Manipur', 1),
(18, 'Meghalaya', 1),
(19, 'Mizoram', 1),
(20, 'Nagaland', 1),
(21, 'Orissa', 1),
(22, 'Punjab', 1),
(23, 'Rajasthan', 1),
(24, 'Sikkim', 1),
(25, 'Tamil Nadu', 1),
(26, 'Tripura', 1),
(27, 'Uttaranchal', 1),
(28, 'Uttar Pradesh', 1),
(29, 'West Bengal', 1),
(30, 'Delhi', 1),
(31, 'Chandigarh', 1),
(32, 'Hyderabad', 1),
(85, 'NEW SOUTH WALES', 2),
(86, 'VICTORIA', 2),
(87, 'QUEENSLAND', 2),
(88, 'WESTERN AUSTRALIA', 2),
(89, 'SOUTH AUSTRALIA', 2),
(90, 'TASMANIA', 2),
(91, 'QLD/NSW', 2),
(92, 'NORTHERN TERRITORY ', 2),
(93, 'EAST \r\n\r\nMIDLANDS, ENGLAND ', 21),
(94, 'EAST, ENGLAND', 21),
(95, 'LONDON', 21),
(96, 'NORTH EAST, ENGLAND', 21),
(97, 'NORTH WEST, ENGLAND', 21),
(98, 'SOUTH EAST, ENGLAND', 21),
(99, 'SOOUTH WEST, ENGLAND', 21),
(100, 'WEST MIDLANDS, ENGLAND', 21),
(101, 'YORKSHIRE AND THE HUMBER, ENGLAND', 21),
(102, 'NORTHERN \r\n\r\nIRELAND', 21),
(103, 'SCOTLAND', 21),
(104, 'WALES', 21),
(105, 'ONTARIO', 3),
(106, 'QUEBEC', 3),
(107, 'BRITISH \r\n\r\nCOLUMBIA', 3),
(108, 'ALBERTA', 3),
(109, 'MANITOBA', 3),
(110, 'NOVA SCOTIA', 3),
(111, 'SASKATCHEWAN', 3),
(112, 'ONTARIO-QUEBEC', 3),
(113, 'NEWFOUNDLAND AND LABRADOR', 3),
(114, 'Northeast', 22),
(115, 'Midwest', 22),
(116, 'South', 22),
(117, 'West', 22),
(118, 'Auckland', 13),
(119, 'Bay of Plenty', 13),
(120, 'Canterbury', 13),
(121, 'Gisborne', 13),
(122, 'Hawke\'s Bay', 13),
(123, 'Manawatu-Wanganui', 13),
(124, 'Marlborough', 13),
(125, 'Nelson', 13),
(126, 'Northland', 13),
(127, 'Otago', 13),
(128, 'Southland', 13),
(129, 'Taranaki', 13),
(130, 'Waikato', 13),
(131, 'Wellington', 13);

-- --------------------------------------------------------

--
-- Table structure for table `subcat_detail`
--

CREATE TABLE `subcat_detail` (
  `subcat_id` int(11) NOT NULL,
  `subcat_name` varchar(100) NOT NULL,
  `subcat_level` varchar(10) NOT NULL DEFAULT 'subcat',
  `subcat_cat_id` int(11) NOT NULL DEFAULT '0'
) ENGINE=InnoDB DEFAULT CHARSET=latin1;

-- --------------------------------------------------------

--
-- Table structure for table `user_login`
--

CREATE TABLE `user_login` (
  `user_id` int(11) NOT NULL,
  `user_mobile` char(10) NOT NULL,
  `user_email` varchar(200) NOT NULL,
  `user_password` varchar(50) NOT NULL,
  `user_reg_date` timestamp NOT NULL DEFAULT CURRENT_TIMESTAMP ON UPDATE CURRENT_TIMESTAMP,
  `user_status` varchar(20) NOT NULL DEFAULT 'deactive',
  `user_type` varchar(20) NOT NULL,
  `user_regi_id` int(11) NOT NULL DEFAULT '0',
  `user_plan_id` int(11) NOT NULL DEFAULT '0',
  `user_plan_expire` date NOT NULL
) ENGINE=InnoDB DEFAULT CHARSET=latin1;

-- --------------------------------------------------------

--
-- Structure for view `product_profile`
--
DROP TABLE IF EXISTS `product_profile`;

CREATE ALGORITHM=UNDEFINED DEFINER=`root`@`localhost` SQL SECURITY DEFINER VIEW `product_profile`  AS  select `product_detail`.`pro_id` AS `vpro_id`,`product_detail`.`pro_name` AS `vpro_name`,`product_detail`.`pro_image` AS `vpro_image`,`product_detail`.`pro_type` AS `vpro_type`,`product_detail`.`pro_desc` AS `vpro_desc`,`product_detail`.`pro_level` AS `vpro_level`,`product_detail`.`pro_cat_subcat` AS `vpro_cat_subcat`,`product_detail`.`pro_cat_id` AS `vpro_cat_id`,`product_detail`.`pro_main_cat` AS `vpro_main_cat`,`product_detail`.`pro_city_id` AS `vpro_city_id`,`product_detail`.`pro_user_id` AS `vpro_user_id`,`product_spec`.`ps_spec_name` AS `vps_spec_name`,`product_spec`.`ps_spec_value` AS `vps_spec_value`,`product_spec`.`ps_spec_type` AS `vps_spec_type`,`product_spec`.`ps_spec_id` AS `vps_spec_id`,`user_login`.`user_type` AS `vpd_user_type`,`user_login`.`user_status` AS `vpd_user_status`,`user_login`.`user_plan_id` AS `vpd_user_plan_id` from ((`product_detail` left join `product_spec` on((`product_spec`.`ps_pro_id` = `product_detail`.`pro_id`))) left join `user_login` on((`user_login`.`user_id` = `product_detail`.`pro_user_id`))) ;

-- --------------------------------------------------------

--
-- Structure for view `slider_view`
--
DROP TABLE IF EXISTS `slider_view`;

CREATE ALGORITHM=UNDEFINED DEFINER=`root`@`localhost` SQL SECURITY DEFINER VIEW `slider_view`  AS  select `brand_detail`.`bd_id` AS `vbd_id`,`brand_detail`.`bd_name` AS `vbd_name`,`subcat_detail`.`subcat_id` AS `vsubcat_id`,`subcat_detail`.`subcat_name` AS `vsubcat_name`,`cat_detail`.`cat_id` AS `vcat_id`,`cat_detail`.`cat_name` AS `vcat_name` from ((`brand_detail` join `subcat_detail` on((`subcat_detail`.`subcat_id` = `brand_detail`.`bd_cat_id`))) join `cat_detail` on((`cat_detail`.`cat_id` = `brand_detail`.`bd_cat_id`))) ;

--
-- Indexes for dumped tables
--

--
-- Indexes for table `brand_detail`
--
ALTER TABLE `brand_detail`
  ADD PRIMARY KEY (`bd_id`);

--
-- Indexes for table `cart_detail`
--
ALTER TABLE `cart_detail`
  ADD PRIMARY KEY (`cart_id`);

--
-- Indexes for table `cat_detail`
--
ALTER TABLE `cat_detail`
  ADD PRIMARY KEY (`cat_id`);

--
-- Indexes for table `city_detail`
--
ALTER TABLE `city_detail`
  ADD PRIMARY KEY (`city_id`);

--
-- Indexes for table `country_detail`
--
ALTER TABLE `country_detail`
  ADD PRIMARY KEY (`country_id`);

--
-- Indexes for table `message_detail`
--
ALTER TABLE `message_detail`
  ADD PRIMARY KEY (`msg_id`);

--
-- Indexes for table `plan_detail`
--
ALTER TABLE `plan_detail`
  ADD PRIMARY KEY (`plan_id`);

--
-- Indexes for table `product_detail`
--
ALTER TABLE `product_detail`
  ADD PRIMARY KEY (`pro_id`);

--
-- Indexes for table `product_image`
--
ALTER TABLE `product_image`
  ADD PRIMARY KEY (`pimg_id`);

--
-- Indexes for table `product_spec`
--
ALTER TABLE `product_spec`
  ADD PRIMARY KEY (`ps_id`);

--
-- Indexes for table `profile_detail`
--
ALTER TABLE `profile_detail`
  ADD PRIMARY KEY (`pd_id`);

--
-- Indexes for table `request_detail`
--
ALTER TABLE `request_detail`
  ADD PRIMARY KEY (`req_id`);

--
-- Indexes for table `slider`
--
ALTER TABLE `slider`
  ADD PRIMARY KEY (`slider_id`);

--
-- Indexes for table `specification_detail`
--
ALTER TABLE `specification_detail`
  ADD PRIMARY KEY (`spec_id`);

--
-- Indexes for table `state_detail`
--
ALTER TABLE `state_detail`
  ADD PRIMARY KEY (`state_id`);

--
-- Indexes for table `subcat_detail`
--
ALTER TABLE `subcat_detail`
  ADD PRIMARY KEY (`subcat_id`);

--
-- Indexes for table `user_login`
--
ALTER TABLE `user_login`
  ADD PRIMARY KEY (`user_id`);

--
-- AUTO_INCREMENT for dumped tables
--

--
-- AUTO_INCREMENT for table `brand_detail`
--
ALTER TABLE `brand_detail`
  MODIFY `bd_id` int(11) NOT NULL AUTO_INCREMENT;

--
-- AUTO_INCREMENT for table `cart_detail`
--
ALTER TABLE `cart_detail`
  MODIFY `cart_id` int(11) NOT NULL AUTO_INCREMENT;

--
-- AUTO_INCREMENT for table `cat_detail`
--
ALTER TABLE `cat_detail`
  MODIFY `cat_id` int(11) NOT NULL AUTO_INCREMENT;

--
-- AUTO_INCREMENT for table `city_detail`
--
ALTER TABLE `city_detail`
  MODIFY `city_id` int(11) NOT NULL AUTO_INCREMENT, AUTO_INCREMENT=3291;

--
-- AUTO_INCREMENT for table `country_detail`
--
ALTER TABLE `country_detail`
  MODIFY `country_id` int(11) NOT NULL AUTO_INCREMENT, AUTO_INCREMENT=38;

--
-- AUTO_INCREMENT for table `message_detail`
--
ALTER TABLE `message_detail`
  MODIFY `msg_id` int(11) NOT NULL AUTO_INCREMENT;

--
-- AUTO_INCREMENT for table `plan_detail`
--
ALTER TABLE `plan_detail`
  MODIFY `plan_id` int(11) NOT NULL AUTO_INCREMENT, AUTO_INCREMENT=8;

--
-- AUTO_INCREMENT for table `product_detail`
--
ALTER TABLE `product_detail`
  MODIFY `pro_id` int(11) NOT NULL AUTO_INCREMENT;

--
-- AUTO_INCREMENT for table `product_image`
--
ALTER TABLE `product_image`
  MODIFY `pimg_id` int(11) NOT NULL AUTO_INCREMENT;

--
-- AUTO_INCREMENT for table `product_spec`
--
ALTER TABLE `product_spec`
  MODIFY `ps_id` int(11) NOT NULL AUTO_INCREMENT;

--
-- AUTO_INCREMENT for table `profile_detail`
--
ALTER TABLE `profile_detail`
  MODIFY `pd_id` int(11) NOT NULL AUTO_INCREMENT;

--
-- AUTO_INCREMENT for table `request_detail`
--
ALTER TABLE `request_detail`
  MODIFY `req_id` int(11) NOT NULL AUTO_INCREMENT;

--
-- AUTO_INCREMENT for table `slider`
--
ALTER TABLE `slider`
  MODIFY `slider_id` int(11) NOT NULL AUTO_INCREMENT;

--
-- AUTO_INCREMENT for table `specification_detail`
--
ALTER TABLE `specification_detail`
  MODIFY `spec_id` int(11) NOT NULL AUTO_INCREMENT;

--
-- AUTO_INCREMENT for table `state_detail`
--
ALTER TABLE `state_detail`
  MODIFY `state_id` int(11) NOT NULL AUTO_INCREMENT, AUTO_INCREMENT=132;

--
-- AUTO_INCREMENT for table `subcat_detail`
--
ALTER TABLE `subcat_detail`
  MODIFY `subcat_id` int(11) NOT NULL AUTO_INCREMENT;

--
-- AUTO_INCREMENT for table `user_login`
--
ALTER TABLE `user_login`
  MODIFY `user_id` int(11) NOT NULL AUTO_INCREMENT;
COMMIT;

/*!40101 SET CHARACTER_SET_CLIENT=@OLD_CHARACTER_SET_CLIENT */;
/*!40101 SET CHARACTER_SET_RESULTS=@OLD_CHARACTER_SET_RESULTS */;
/*!40101 SET COLLATION_CONNECTION=@OLD_COLLATION_CONNECTION */;
